1.40.0.0,1.43.255.255,262144,24/05/10,
1.44.0.0,1.44.255.255,65536,24/05/10,
1.120.0.0,1.127.255.255,524288,18/05/10,
1.128.0.0,1.159.255.255,2097152,18/05/10,
1.178.0.0,1.178.255.255,65536,25/06/10,
1.179.0.0,1.179.127.255,32768,25/06/10,
14.2.0.0,14.2.255.255,65536,13/08/10,
14.128.32.0,14.128.63.255,8192,14/09/10,
14.137.0.0,14.137.127.255,32768,09/09/10,
14.137.128.0,14.137.191.255,16384,09/09/10,
14.137.192.0,14.137.223.255,8192,09/09/10,
14.192.160.0,14.192.191.255,8192,28/09/10,
14.200.0.0,14.203.255.255,262144,14/09/10,
27.0.64.0,27.0.95.255,8192,16/03/10,
27.32.0.0,27.33.255.255,131072,18/03/10,
27.50.48.0,27.50.63.255,4096,17/03/10,
27.50.64.0,27.50.95.255,8192,17/03/10,
27.54.128.0,27.54.143.255,4096,22/03/10,
27.96.192.0,27.96.223.255,8192,20/05/10,
27.99.0.0,27.99.127.255,32768,24/05/10,
27.111.80.0,27.111.95.255,4096,02/07/10,
27.111.240.0,27.111.255.255,4096,29/06/10,
27.122.112.0,27.122.127.255,4096,05/10/10,
27.124.96.0,27.124.111.255,4096,13/10/10,
27.124.112.0,27.124.127.255,4096,24/03/11,
27.125.208.0,27.125.223.255,4096,14/10/10,
27.127.192.0,27.127.223.255,8192,22/10/10,
27.127.224.0,27.127.239.255,4096,22/10/10,
27.131.64.0,27.131.127.255,16384,20/04/10,
27.253.0.0,27.253.127.255,32768,22/03/11,
42.62.192.0,42.62.255.255,16384,22/03/11,
42.241.0.0,42.241.255.255,65536,22/03/11,
49.2.0.0,49.3.255.255,131072,13/09/10,
49.127.0.0,49.127.255.255,65536,07/04/11,
49.128.224.0,49.128.255.255,8192,11/11/10,
49.176.0.0,49.191.255.255,1048576,02/12/10,
49.192.0.0,49.199.255.255,524288,02/12/10,
49.236.240.0,49.236.255.255,4096,07/12/10,
49.255.0.0,49.255.255.255,65536,01/03/11,
58.6.0.0,58.6.127.255,32768,28/01/05,
58.6.128.0,58.6.255.255,32768,02/03/06,
58.7.0.0,58.7.255.255,65536,02/03/06,
58.84.64.0,58.84.127.255,16384,13/04/05,
58.84.128.0,58.84.191.255,16384,14/04/05,
58.84.192.0,58.84.207.255,4096,14/04/05,
58.87.0.0,58.87.15.255,4096,18/04/05,
58.96.0.0,58.96.127.255,32768,11/04/05,
58.96.128.0,58.96.159.255,8192,10/10/06,
58.96.192.0,58.96.255.255,16384,18/11/08,
58.104.0.0,58.105.255.255,131072,22/04/05,
58.106.0.0,58.106.255.255,65536,22/04/05,
58.107.0.0,58.107.255.255,65536,24/02/06,
58.108.0.0,58.109.255.255,131072,24/02/06,
58.110.0.0,58.110.255.255,65536,24/02/06,
58.111.0.0,58.111.255.255,65536,10/11/06,
58.145.128.0,58.145.159.255,8192,02/06/05,
58.160.0.0,58.167.255.255,524288,30/05/05,
58.168.0.0,58.171.255.255,262144,24/01/06,
58.172.0.0,58.175.255.255,262144,13/02/06,
58.178.0.0,58.178.255.255,65536,15/06/05,
58.179.0.0,58.179.255.255,65536,29/03/06,
58.181.64.0,58.181.95.255,8192,01/07/05,
59.86.160.0,59.86.191.255,8192,29/09/06,
59.100.0.0,59.101.255.255,131072,08/08/06,
59.102.0.0,59.102.127.255,32768,08/08/06,
59.154.0.0,59.154.255.255,65536,16/11/04,
59.167.0.0,59.167.127.255,32768,24/11/04,
59.167.128.0,59.167.255.255,32768,14/09/05,
59.191.192.0,59.191.223.255,8192,26/10/06,
60.224.0.0,60.231.255.255,524288,28/07/04,
60.240.0.0,60.240.255.255,65536,30/07/04,
60.241.0.0,60.241.255.255,65536,01/06/05,
60.242.0.0,60.242.255.255,65536,29/03/06,
61.8.96.0,61.8.127.255,8192,01/02/00,
61.9.128.0,61.9.255.255,32768,03/07/00,
61.14.0.0,61.14.63.255,16384,10/03/00,
61.14.96.0,61.14.127.255,8192,06/09/06,
61.28.192.0,61.28.223.255,8192,21/08/06,
61.29.0.0,61.29.127.255,32768,07/04/03,
61.68.0.0,61.68.255.255,65536,09/04/01,
61.69.0.0,61.69.255.255,65536,08/08/01,
61.88.0.0,61.88.255.255,65536,16/10/01,
61.95.0.0,61.95.63.255,16384,18/01/02,
61.95.64.0,61.95.127.255,16384,24/09/02,
61.245.128.0,61.245.159.255,8192,07/07/10,
64.15.32.0,64.15.47.255,4096,12/12/00,
101.0.64.0,101.0.127.255,16384,13/12/10,
101.2.192.0,101.2.255.255,16384,15/12/10,
101.53.128.0,101.53.255.255,32768,02/02/11,
101.103.0.0,101.103.255.255,65536,23/12/10,
101.112.0.0,101.119.255.255,524288,14/12/10,
101.160.0.0,101.191.255.255,2097152,23/12/10,
101.234.128.0,101.234.255.255,32768,08/03/11,
103.0.0.0,103.0.255.255,65536,05/04/11,
106.68.0.0,106.69.255.255,131072,04/04/11,
106.70.0.0,106.71.255.255,131072,22/03/11,
110.5.80.0,110.5.95.255,4096,25/02/09,
110.20.0.0,110.23.255.255,262144,24/02/09,
110.32.0.0,110.33.255.255,131072,24/02/09,
110.140.0.0,110.141.255.255,131072,20/04/09,
110.142.0.0,110.142.255.255,65536,18/05/10,
110.143.0.0,110.143.255.255,65536,23/12/10,
110.144.0.0,110.151.255.255,524288,20/04/09,
110.173.128.0,110.173.159.255,8192,06/05/09,
110.174.0.0,110.175.255.255,131072,08/05/09,
110.238.0.0,110.238.255.255,65536,18/05/09,
110.239.0.0,110.239.127.255,32768,18/05/09,
110.239.128.0,110.239.255.255,32768,25/06/10,
111.67.0.0,111.67.15.255,4096,01/06/09,
111.67.16.0,111.67.31.255,4096,19/08/10,
111.118.160.0,111.118.175.255,4096,01/07/09,
111.118.224.0,111.118.239.255,4096,01/07/09,
111.125.160.0,111.125.175.255,4096,06/07/09,
111.125.176.0,111.125.191.255,4096,21/03/11,
111.220.0.0,111.220.255.255,65536,10/07/09,
111.223.224.0,111.223.239.255,4096,22/07/09,
112.141.0.0,112.141.255.255,65536,11/02/09,
112.213.32.0,112.213.47.255,4096,18/02/09,
112.213.128.0,112.213.191.255,16384,19/02/09,
112.213.192.0,112.213.223.255,8192,19/02/09,
112.213.224.0,112.213.255.255,8192,10/01/11,
113.20.0.0,113.20.15.255,4096,02/10/08,
113.21.32.0,113.21.47.255,4096,06/11/08,
113.52.0.0,113.52.15.255,4096,20/10/08,
113.61.64.0,113.61.95.255,8192,04/11/08,
113.192.0.0,113.192.63.255,16384,13/11/08,
113.197.0.0,113.197.15.255,4096,21/11/08,
113.197.112.0,113.197.127.255,4096,05/12/08,
113.203.0.0,113.203.127.255,32768,28/11/08,
114.30.96.0,114.30.127.255,8192,01/05/08,
114.31.192.0,114.31.207.255,4096,15/05/08,
114.72.0.0,114.75.255.255,262144,14/05/08,
114.76.0.0,114.77.255.255,131072,14/05/08,
114.78.0.0,114.78.255.255,65536,14/05/08,
114.111.128.0,114.111.143.255,4096,26/05/08,
114.111.144.0,114.111.159.255,4096,06/07/09,
114.129.128.0,114.129.159.255,8192,03/06/08,
114.129.160.0,114.129.191.255,8192,03/04/09,
114.141.96.0,114.141.111.255,4096,18/06/08,
114.142.160.0,114.142.175.255,4096,20/10/10,
114.198.0.0,114.198.63.255,16384,25/06/08,
114.198.64.0,114.198.127.255,16384,23/09/09,
115.30.32.0,115.30.63.255,8192,07/07/08,
115.42.0.0,115.42.31.255,8192,10/07/08,
115.64.0.0,115.64.255.255,65536,11/07/08,
115.69.0.0,115.69.31.255,8192,17/07/08,
115.69.32.0,115.69.63.255,8192,20/05/10,
115.70.0.0,115.70.255.255,65536,22/07/08,
115.128.0.0,115.131.255.255,262144,05/08/08,
115.146.64.0,115.146.79.255,4096,15/08/08,
115.146.80.0,115.146.95.255,4096,09/03/11,
115.166.0.0,115.166.63.255,16384,27/08/08,
115.186.192.0,115.186.255.255,16384,10/09/08,
115.187.128.0,115.187.255.255,32768,12/09/08,
116.66.160.0,116.66.175.255,4096,03/05/07,
116.90.0.0,116.90.63.255,16384,14/04/11,
116.118.240.0,116.118.255.255,4096,01/06/07,
116.199.224.0,116.199.239.255,4096,23/04/07,
116.212.192.0,116.212.223.255,8192,24/04/07,
116.212.224.0,116.212.255.255,8192,25/08/09,
116.240.0.0,116.240.255.255,65536,29/03/07,
116.250.0.0,116.250.255.255,65536,22/03/07,
116.251.0.0,116.251.63.255,16384,21/04/09,
116.255.0.0,116.255.63.255,16384,04/04/07,
117.20.0.0,117.20.15.255,4096,14/06/07,
117.53.128.0,117.53.143.255,4096,27/06/07,
117.53.160.0,117.53.175.255,4096,28/06/07,
117.55.224.0,117.55.239.255,4096,04/07/07,
117.74.96.0,117.74.111.255,4096,11/07/07,
117.102.128.0,117.102.159.255,8192,11/07/07,
118.67.0.0,118.67.31.255,8192,09/08/07,
118.67.32.0,118.67.63.255,8192,11/07/08,
118.67.208.0,118.67.223.255,4096,17/08/07,
118.82.32.0,118.82.47.255,4096,21/08/07,
118.102.64.0,118.102.95.255,8192,04/09/07,
118.102.96.0,118.102.127.255,8192,28/03/08,
118.107.0.0,118.107.63.255,16384,06/09/07,
118.127.0.0,118.127.63.255,16384,14/09/07,
118.127.64.0,118.127.95.255,8192,17/09/07,
118.127.96.0,118.127.127.255,8192,25/01/11,
118.127.160.0,118.127.191.255,8192,21/11/07,
118.138.0.0,118.138.255.255,65536,27/09/07,
118.139.0.0,118.139.127.255,32768,27/09/07,
118.139.128.0,118.139.159.255,8192,15/04/10,
118.208.0.0,118.208.255.255,65536,24/10/07,
118.209.0.0,118.209.255.255,65536,13/10/08,
118.210.0.0,118.210.255.255,65536,13/10/08,
118.211.0.0,118.211.255.255,65536,13/08/10,
119.10.128.0,119.10.143.255,4096,27/11/07,
119.11.0.0,119.11.127.255,32768,27/11/07,
119.12.0.0,119.12.255.255,65536,26/11/07,
119.13.0.0,119.13.127.255,32768,26/11/07,
119.13.128.0,119.13.255.255,32768,18/05/09,
119.15.96.0,119.15.111.255,4096,30/11/07,
119.17.32.0,119.17.63.255,8192,01/02/11,
119.17.128.0,119.17.159.255,8192,03/12/07,
119.17.160.0,119.17.191.255,8192,01/02/11,
119.18.0.0,119.18.31.255,8192,06/12/07,
119.77.0.0,119.77.63.255,16384,24/01/08,
119.77.64.0,119.77.95.255,8192,24/01/08,
119.148.64.0,119.148.79.255,4096,14/02/08,
119.161.32.0,119.161.47.255,4096,25/02/08,
119.161.48.0,119.161.63.255,4096,25/02/11,
119.161.64.0,119.161.79.255,4096,28/02/08,
119.161.80.0,119.161.95.255,4096,15/05/08,
119.224.144.0,119.224.159.255,4096,25/02/11,
119.225.0.0,119.225.255.255,65536,26/02/08,
119.252.0.0,119.252.31.255,8192,11/03/08,
119.252.64.0,119.252.95.255,8192,12/03/08,
120.16.0.0,120.23.255.255,524288,07/03/08,
120.29.0.0,120.29.63.255,16384,14/03/08,
120.88.64.0,120.88.95.255,8192,28/03/08,
120.88.96.0,120.88.127.255,8192,09/12/10,
120.88.128.0,120.88.159.255,8192,28/03/08,
120.88.160.0,120.88.175.255,4096,28/03/08,
120.138.32.0,120.138.63.255,8192,14/04/08,
120.144.0.0,120.151.255.255,524288,09/04/08,
120.152.0.0,120.155.255.255,262144,09/04/08,
120.156.0.0,120.157.255.255,131072,09/04/08,
120.158.0.0,120.159.255.255,131072,20/04/09,
121.44.0.0,121.44.255.255,65536,01/06/06,
121.45.0.0,121.45.255.255,65536,15/02/07,
121.50.192.0,121.50.223.255,8192,28/06/06,
121.54.128.0,121.54.143.255,4096,19/06/06,
121.79.0.0,121.79.63.255,16384,21/06/06,
121.79.64.0,121.79.95.255,8192,21/06/06,
121.79.96.0,121.79.127.255,8192,19/02/09,
121.90.0.0,121.90.255.255,65536,17/07/06,
121.91.0.0,121.91.127.255,32768,05/10/07,
121.91.128.0,121.91.255.255,32768,26/11/07,
121.127.192.0,121.127.223.255,8192,11/06/10,
121.200.16.0,121.200.31.255,4096,06/12/07,
121.200.32.0,121.200.47.255,4096,10/10/06,
121.200.224.0,121.200.239.255,4096,18/10/07,
121.208.0.0,121.211.255.255,262144,20/06/06,
121.212.0.0,121.215.255.255,262144,09/02/07,
121.216.0.0,121.223.255.255,524288,09/02/07,
122.49.128.0,122.49.191.255,16384,30/05/06,
122.99.64.0,122.99.95.255,8192,06/06/06,
122.104.0.0,122.105.255.255,131072,10/11/06,
122.106.0.0,122.106.255.255,65536,10/11/06,
122.107.0.0,122.107.255.255,65536,13/11/07,
122.108.0.0,122.109.255.255,131072,13/11/07,
122.110.0.0,122.110.255.255,65536,13/11/07,
122.111.0.0,122.111.255.255,65536,14/05/08,
122.129.128.0,122.129.159.255,8192,19/12/06,
122.148.0.0,122.149.255.255,131072,05/01/07,
122.150.0.0,122.151.255.255,131072,29/07/10,
122.199.0.0,122.199.63.255,16384,19/09/06,
122.200.160.0,122.200.175.255,4096,20/10/06,
122.200.176.0,122.200.191.255,4096,21/01/11,
122.201.64.0,122.201.95.255,8192,27/10/06,
122.201.96.0,122.201.127.255,8192,26/09/08,
122.202.0.0,122.202.15.255,4096,24/01/11,
122.202.64.0,122.202.79.255,4096,06/11/06,
122.202.80.0,122.202.95.255,4096,24/01/11,
123.2.0.0,123.2.255.255,65536,15/11/06,
123.3.0.0,123.3.255.255,65536,05/01/07,
123.50.128.0,123.50.159.255,8192,06/11/06,
123.51.0.0,123.51.127.255,32768,20/11/06,
123.98.128.0,123.98.143.255,4096,23/11/06,
123.100.32.0,123.100.63.255,8192,20/10/06,
123.100.64.0,123.100.127.255,16384,10/10/06,
123.100.128.0,123.100.159.255,8192,10/11/06,
123.102.0.0,123.102.255.255,65536,05/12/06,
123.103.192.0,123.103.223.255,8192,10/01/11,
123.108.80.0,123.108.95.255,4096,01/02/07,
123.136.32.0,123.136.47.255,4096,23/02/07,
123.136.48.0,123.136.63.255,4096,13/09/10,
123.200.128.0,123.200.191.255,16384,20/11/06,
123.200.192.0,123.200.255.255,16384,15/03/07,
123.208.0.0,123.211.255.255,262144,09/02/07,
123.243.0.0,123.243.255.255,65536,14/02/07,
123.254.112.0,123.254.127.255,4096,01/02/11,
124.19.0.0,124.19.63.255,16384,12/12/05,
124.19.64.0,124.19.127.255,16384,15/04/08,
124.47.128.0,124.47.191.255,16384,30/03/11,
124.109.64.0,124.109.95.255,8192,17/02/06,
124.148.0.0,124.149.255.255,131072,02/03/06,
124.150.0.0,124.150.127.255,32768,02/03/06,
124.168.0.0,124.168.255.255,65536,20/03/06,
124.169.0.0,124.169.255.255,65536,27/06/07,
124.170.0.0,124.171.255.255,131072,15/06/07,
124.176.0.0,124.179.255.255,262144,24/03/06,
124.180.0.0,124.183.255.255,262144,12/05/06,
124.184.0.0,124.187.255.255,262144,12/05/06,
124.188.0.0,124.191.255.255,262144,20/06/06,
124.198.128.0,124.198.191.255,16384,26/10/07,
124.198.192.0,124.198.255.255,16384,22/03/10,
124.243.128.0,124.243.159.255,8192,10/05/06,
124.243.160.0,124.243.191.255,8192,29/09/06,
124.246.32.0,124.246.63.255,8192,11/05/06,
124.252.0.0,124.252.255.255,65536,15/05/06,
124.254.64.0,124.254.95.255,8192,16/12/05,
124.254.96.0,124.254.127.255,8192,21/06/06,
125.7.0.0,125.7.63.255,16384,09/08/05,
125.7.64.0,125.7.95.255,8192,09/08/05,
125.7.96.0,125.7.127.255,8192,12/11/07,
125.62.80.0,125.62.95.255,4096,23/09/05,
125.63.0.0,125.63.31.255,8192,16/09/05,
125.63.48.0,125.63.63.255,4096,17/01/11,
125.63.128.0,125.63.191.255,16384,31/08/05,
125.63.192.0,125.63.255.255,16384,12/12/05,
125.168.0.0,125.168.255.255,65536,08/09/05,
125.209.128.0,125.209.191.255,16384,23/09/09,
125.213.160.0,125.213.191.255,8192,23/01/07,
125.253.0.0,125.253.63.255,16384,07/11/05,
125.253.64.0,125.253.79.255,4096,24/12/10,
125.253.96.0,125.253.111.255,4096,15/01/07,
125.254.0.0,125.254.31.255,8192,02/11/05,
125.254.32.0,125.254.47.255,4096,27/07/07,
125.254.64.0,125.254.95.255,8192,02/11/05,
125.254.96.0,125.254.127.255,8192,10/10/06,
128.184.0.0,128.184.255.255,65536,03/12/86,
128.250.0.0,128.250.255.255,65536,29/05/87,
129.78.0.0,129.78.255.255,65536,02/10/87,
129.94.0.0,129.94.255.255,65536,22/10/87,
129.96.0.0,129.96.255.255,65536,25/10/87,
129.127.0.0,129.127.255.255,65536,01/12/87,
129.180.0.0,129.180.255.255,65536,18/01/88,
130.56.0.0,130.56.255.255,65536,02/06/88,
130.95.0.0,130.95.255.255,65536,12/07/88,
130.102.0.0,130.102.255.255,65536,18/07/88,
130.116.0.0,130.116.255.255,65536,08/08/88,
130.130.0.0,130.130.255.255,65536,11/08/88,
130.155.0.0,130.155.255.255,65536,22/08/88,
130.194.0.0,130.194.255.255,65536,23/09/88,
130.220.0.0,130.220.255.255,65536,19/10/88,
131.170.0.0,131.170.255.255,65536,16/12/88,
131.172.0.0,131.172.255.255,65536,16/12/88,
131.181.0.0,131.181.255.255,65536,22/12/88,
131.185.0.0,131.185.255.255,65536,03/01/89,
131.203.0.0,131.203.255.255,65536,16/01/89,
131.217.0.0,131.217.255.255,65536,19/01/89,
131.236.0.0,131.236.255.255,65536,12/09/88,
131.242.0.0,131.242.255.255,65536,07/02/89,
131.244.0.0,131.244.255.255,65536,08/02/89,
131.245.0.0,131.245.255.255,65536,08/02/89,
132.234.0.0,132.234.255.255,65536,23/03/89,
134.7.0.0,134.7.255.255,65536,11/04/89,
134.18.0.0,134.18.255.255,65536,13/04/89,
134.115.0.0,134.115.255.255,65536,24/05/89,
134.144.0.0,134.144.255.255,65536,13/06/89,
134.148.0.0,134.148.255.255,65536,14/06/89,
134.178.0.0,134.178.255.255,65536,01/07/89,
134.211.0.0,134.211.255.255,65536,24/07/89,
136.153.0.0,136.153.255.255,65536,06/03/91,
136.154.0.0,136.154.255.255,65536,06/03/91,
136.186.0.0,136.186.255.255,65536,20/09/89,
137.76.0.0,137.76.255.255,65536,08/11/89,
137.92.0.0,137.92.255.255,65536,13/11/89,
137.109.0.0,137.109.255.255,65536,17/11/89,
137.111.0.0,137.111.255.255,65536,17/11/89,
137.147.0.0,137.147.255.255,65536,30/11/89,
137.154.0.0,137.154.255.255,65536,04/04/90,
137.157.0.0,137.157.255.255,65536,12/12/89,
137.166.0.0,137.166.255.255,65536,13/12/89,
137.172.0.0,137.172.255.255,65536,13/12/89,
137.219.0.0,137.219.255.255,65536,04/04/90,
138.7.0.0,138.7.255.255,65536,20/01/90,
138.19.0.0,138.19.255.255,65536,25/01/90,
138.24.0.0,138.24.255.255,65536,25/01/90,
138.25.0.0,138.25.255.255,65536,11/04/89,
138.44.0.0,138.44.255.255,65536,31/01/90,
138.71.0.0,138.71.255.255,65536,02/03/90,
138.77.0.0,138.77.255.255,65536,05/03/90,
138.79.0.0,138.79.255.255,65536,06/03/90,
138.80.0.0,138.80.255.255,65536,06/03/90,
138.130.0.0,138.130.255.255,65536,18/05/90,
138.194.0.0,138.194.255.255,65536,21/05/90,
138.217.0.0,138.217.255.255,65536,31/05/90,
139.44.0.0,139.44.255.255,65536,18/06/90,
139.59.0.0,139.59.255.255,65536,27/06/90,
139.86.0.0,139.86.255.255,65536,30/03/90,
139.130.0.0,139.130.255.255,65536,18/12/00,
139.132.0.0,139.132.255.255,65536,13/03/90,
139.134.0.0,139.134.255.255,65536,22/01/96,
139.163.0.0,139.163.255.255,65536,07/02/96,
139.168.0.0,139.168.255.255,65536,24/03/90,
139.188.0.0,139.188.255.255,65536,29/03/90,
139.216.0.0,139.216.255.255,65536,08/03/11,
139.218.0.0,139.218.255.255,65536,08/03/11,
139.230.0.0,139.230.255.255,65536,05/04/90,
140.79.0.0,140.79.255.255,65536,09/04/90,
140.83.0.0,140.83.255.255,65536,09/04/90,
140.159.0.0,140.159.255.255,65536,02/05/90,
140.168.0.0,140.168.255.255,65536,08/05/90,
140.253.0.0,140.253.255.255,65536,08/03/91,
141.120.0.0,141.120.255.255,65536,24/07/90,
141.132.0.0,141.132.255.255,65536,24/07/90,
141.168.0.0,141.168.255.255,65536,24/07/90,
141.243.0.0,141.243.255.255,65536,17/09/10,
143.92.0.0,143.92.255.255,65536,07/09/90,
143.119.0.0,143.119.255.255,65536,17/09/90,
143.174.0.0,143.174.255.255,65536,01/10/90,
143.188.0.0,143.188.255.255,65536,01/10/90,
143.189.0.0,143.189.255.255,65536,01/10/90,
143.216.0.0,143.216.255.255,65536,23/01/91,
143.218.0.0,143.218.255.255,65536,30/06/90,
143.238.0.0,143.238.255.255,65536,09/01/01,
144.6.0.0,144.6.255.255,65536,30/10/90,
144.53.0.0,144.53.255.255,65536,13/11/90,
144.55.0.0,144.55.255.255,65536,13/11/90,
144.97.0.0,144.97.255.255,65536,28/11/90,
144.110.0.0,144.110.255.255,65536,03/12/90,
144.130.0.0,144.130.255.255,65536,10/12/90,
144.131.0.0,144.131.255.255,65536,10/12/90,
144.132.0.0,144.132.255.255,65536,10/12/90,
144.133.0.0,144.133.255.255,65536,10/12/90,
144.134.0.0,144.134.255.255,65536,10/12/90,
144.135.0.0,144.135.255.255,65536,10/12/90,
144.136.0.0,144.136.255.255,65536,10/12/90,
144.137.0.0,144.137.255.255,65536,10/12/90,
144.138.0.0,144.138.255.255,65536,10/12/90,
144.139.0.0,144.139.255.255,65536,10/12/90,
144.140.0.0,144.140.255.255,65536,10/12/90,
144.205.0.0,144.205.255.255,65536,20/12/90,
146.11.0.0,146.11.255.255,65536,17/01/91,
146.116.0.0,146.116.255.255,65536,05/02/91,
146.118.0.0,146.118.255.255,65536,04/03/91,
146.178.0.0,146.178.255.255,65536,25/02/91,
146.195.0.0,146.195.255.255,65536,28/02/91,
146.196.0.0,146.196.31.255,8192,12/05/10,
146.221.0.0,146.221.255.255,65536,28/02/91,
147.10.0.0,147.10.255.255,65536,28/03/91,
147.41.0.0,147.41.255.255,65536,21/06/91,
147.66.0.0,147.66.255.255,65536,05/07/91,
147.69.0.0,147.69.255.255,65536,05/07/91,
147.76.0.0,147.76.255.255,65536,11/07/91,
147.109.0.0,147.109.255.255,65536,18/03/91,
147.132.0.0,147.132.255.255,65536,03/04/91,
147.200.0.0,147.200.255.255,65536,13/07/91,
147.209.0.0,147.209.255.255,65536,24/07/91,
147.211.0.0,147.211.255.255,65536,24/07/91,
148.145.0.0,148.145.255.255,65536,18/04/91,
148.182.0.0,148.182.255.255,65536,16/05/91,
148.195.0.0,148.195.255.255,65536,18/01/91,
149.135.0.0,149.135.255.255,65536,30/04/91,
149.144.0.0,149.144.255.255,65536,24/04/91,
149.167.0.0,149.167.255.255,65536,07/05/91,
149.171.0.0,149.171.255.255,65536,09/05/91,
149.176.0.0,149.176.255.255,65536,13/05/91,
150.101.0.0,150.101.255.255,65536,04/06/91,
150.151.0.0,150.151.255.255,65536,20/05/91,
150.173.0.0,150.173.255.255,65536,24/05/91,
150.191.0.0,150.191.255.255,65536,30/05/91,
150.203.0.0,150.203.255.255,65536,07/06/91,
150.207.0.0,150.207.255.255,65536,11/06/91,
150.229.0.0,150.229.255.255,65536,07/08/91,
151.130.0.0,151.130.255.255,65536,17/06/91,
151.178.0.0,151.178.255.255,65536,17/09/91,
152.76.0.0,152.76.255.255,65536,27/08/91,
152.83.0.0,152.83.255.255,65536,27/08/91,
152.91.0.0,152.91.255.255,65536,03/09/91,
152.98.0.0,152.98.255.255,65536,05/09/91,
152.147.0.0,152.147.255.255,65536,23/08/91,
153.107.0.0,153.107.255.255,65536,24/09/91,
155.60.0.0,155.60.255.255,65536,30/10/91,
155.71.0.0,155.71.255.255,65536,30/10/91,
155.143.0.0,155.143.255.255,65536,13/11/91,
155.144.0.0,155.144.255.255,65536,23/03/92,
155.187.0.0,155.187.255.255,65536,21/11/91,
155.205.0.0,155.205.255.255,65536,25/03/92,
156.22.0.0,156.22.255.255,65536,01/11/91,
156.50.0.0,156.50.255.255,65536,09/12/91,
157.85.0.0,157.85.255.255,65536,16/12/91,
157.128.0.0,157.128.255.255,65536,02/01/92,
157.155.0.0,157.155.255.255,65536,13/01/92,
157.211.0.0,157.211.255.255,65536,30/01/92,
157.227.0.0,157.227.255.255,65536,23/03/92,
158.40.0.0,158.40.255.255,65536,08/02/92,
158.45.0.0,158.45.255.255,65536,12/02/92,
158.54.0.0,158.54.255.255,65536,14/02/92,
158.89.0.0,158.89.255.255,65536,19/02/92,
159.13.0.0,159.13.255.255,65536,24/02/92,
159.52.0.0,159.52.255.255,65536,06/03/92,
159.73.0.0,159.73.255.255,65536,17/03/92,
159.111.0.0,159.111.255.255,65536,06/04/92,
159.196.0.0,159.196.255.255,65536,26/05/92,
159.207.0.0,159.207.255.255,65536,05/09/91,
159.248.0.0,159.248.255.255,65536,18/06/92,
160.64.0.0,160.64.255.255,65536,23/04/92,
160.206.0.0,160.206.255.255,65536,11/06/92,
160.222.0.0,160.222.255.255,65536,18/06/92,
161.29.0.0,161.29.255.255,65536,06/05/92,
161.43.0.0,161.43.255.255,65536,18/05/92,
161.50.0.0,161.50.255.255,65536,22/05/92,
161.65.0.0,161.65.31.255,8192,11/06/92,
161.65.64.0,161.65.127.255,16384,11/06/92,
161.65.128.0,161.65.159.255,8192,11/06/92,
161.65.192.0,161.65.255.255,16384,11/06/92,
161.117.0.0,161.117.255.255,65536,09/07/92,
161.143.0.0,161.143.255.255,65536,16/10/92,
161.146.0.0,161.146.255.255,65536,26/10/92,
161.152.0.0,161.152.255.255,65536,15/12/92,
162.145.0.0,162.145.255.255,65536,06/01/93,
162.146.0.0,162.146.255.255,65536,06/01/93,
162.147.0.0,162.147.255.255,65536,06/01/93,
163.8.0.0,163.8.255.255,65536,29/06/92,
163.122.0.0,163.122.255.255,65536,20/07/92,
163.189.0.0,163.189.255.255,65536,12/08/92,
163.232.0.0,163.232.255.255,65536,26/08/92,
163.233.0.0,163.233.255.255,65536,27/08/92,
164.53.0.0,164.53.255.255,65536,24/11/92,
164.75.0.0,164.75.255.255,65536,21/12/92,
164.80.0.0,164.80.255.255,65536,30/12/92,
164.97.0.0,164.97.255.255,65536,29/01/93,
164.108.0.0,164.108.255.255,65536,18/02/93,
164.112.0.0,164.112.255.255,65536,23/02/93,
165.12.0.0,165.12.255.255,65536,29/03/93,
165.31.0.0,165.31.255.255,65536,09/04/93,
165.69.0.0,165.69.255.255,65536,14/04/93,
165.86.0.0,165.86.255.255,65536,28/04/93,
165.118.0.0,165.118.255.255,65536,21/05/93,
165.142.0.0,165.142.255.255,65536,15/06/93,
165.187.0.0,165.187.255.255,65536,03/08/93,
165.191.0.0,165.191.255.255,65536,05/08/93,
165.228.0.0,165.228.255.255,65536,20/09/93,
165.240.0.0,165.240.255.255,65536,04/10/93,
166.64.0.0,166.64.255.255,65536,22/10/93,
166.120.0.0,166.120.255.255,65536,27/12/93,
167.30.0.0,167.30.255.255,65536,29/04/93,
167.103.0.0,167.103.255.255,65536,27/05/93,
167.123.0.0,167.123.255.255,65536,30/06/93,
167.130.0.0,167.130.255.255,65536,02/07/93,
167.162.0.0,167.162.255.255,65536,10/08/93,
168.130.0.0,168.130.255.255,65536,25/04/94,
168.132.0.0,168.132.255.255,65536,28/04/94,
168.134.0.0,168.134.255.255,65536,28/04/94,
168.140.0.0,168.140.255.255,65536,10/05/94,
168.152.0.0,168.152.255.255,65536,06/04/94,
168.153.0.0,168.153.255.255,65536,06/04/94,
168.186.0.0,168.186.255.255,65536,25/05/94,
168.198.0.0,168.198.255.255,65536,17/06/94,
168.217.0.0,168.217.255.255,65536,21/07/94,
168.252.0.0,168.252.255.255,65536,08/09/00,
170.157.0.0,170.157.255.255,65536,20/06/94,
172.192.0.0,172.199.255.255,524288,13/02/02,
175.32.0.0,175.39.255.255,524288,08/12/09,
175.45.64.0,175.45.127.255,16384,17/12/09,
175.45.144.0,175.45.159.255,4096,17/12/09,
175.103.16.0,175.103.31.255,4096,05/01/10,
175.107.128.0,175.107.191.255,16384,11/01/10,
175.184.192.0,175.184.223.255,8192,29/01/10,
180.95.0.0,180.95.127.255,32768,05/08/09,
180.148.64.0,180.148.95.255,8192,25/08/09,
180.148.96.0,180.148.127.255,8192,18/02/11,
180.150.0.0,180.150.127.255,32768,01/09/09,
180.181.0.0,180.181.127.255,32768,15/09/09,
180.181.144.0,180.181.159.255,4096,18/10/10,
180.181.160.0,180.181.191.255,8192,18/10/10,
180.181.192.0,180.181.255.255,16384,18/10/10,
180.189.16.0,180.189.31.255,4096,17/09/09,
180.200.128.0,180.200.191.255,16384,11/06/10,
180.200.192.0,180.200.223.255,8192,11/06/10,
180.214.64.0,180.214.95.255,8192,01/10/09,
180.216.0.0,180.216.255.255,65536,05/10/09,
180.222.0.0,180.222.31.255,8192,08/10/09,
180.235.192.0,180.235.223.255,8192,03/11/09,
182.160.128.0,182.160.191.255,16384,31/03/10,
182.239.128.0,182.239.255.255,32768,06/05/10,
182.255.80.0,182.255.95.255,4096,12/05/10,
182.255.96.0,182.255.127.255,8192,13/05/10,
192.74.144.0,192.74.159.255,4096,26/03/90,
192.74.160.0,192.74.191.255,8192,26/03/90,
192.74.192.0,192.74.207.255,4096,26/03/90,
192.148.128.0,192.148.159.255,8192,12/05/92,
192.199.32.0,192.199.47.255,4096,05/08/92,
198.15.32.0,198.15.47.255,4096,27/11/92,
198.142.0.0,198.142.255.255,65536,22/12/00,
202.0.0.0,202.0.15.255,4096,04/10/94,
202.0.192.0,202.0.255.255,16384,19/09/94,
202.1.16.0,202.1.31.255,4096,05/03/93,
202.2.16.0,202.2.31.255,4096,04/10/94,
202.3.96.0,202.3.111.255,4096,25/05/04,
202.3.192.0,202.3.207.255,4096,09/08/04,
202.4.64.0,202.4.95.255,8192,18/01/00,
202.4.224.0,202.4.239.255,4096,17/01/03,
202.5.96.0,202.5.127.255,8192,21/12/98,
202.5.160.0,202.5.175.255,4096,07/03/01,
202.5.176.0,202.5.191.255,4096,20/03/02,
202.6.32.0,202.6.63.255,8192,22/02/93,
202.6.128.0,202.6.143.255,4096,07/02/02,
202.6.144.0,202.6.159.255,4096,22/05/02,
202.7.144.0,202.7.159.255,4096,06/11/03,
202.7.160.0,202.7.191.255,8192,25/10/99,
202.7.192.0,202.7.223.255,8192,07/06/00,
202.7.224.0,202.7.255.255,8192,12/02/99,
202.9.0.0,202.9.15.255,4096,10/12/95,
202.9.16.0,202.9.31.255,4096,12/05/03,
202.10.16.0,202.10.31.255,4096,25/02/98,
202.10.128.0,202.10.159.255,8192,20/09/99,
202.10.160.0,202.10.191.255,8192,17/04/00,
202.10.192.0,202.10.223.255,8192,17/04/00,
202.10.224.0,202.10.255.255,8192,02/10/00,
202.12.32.0,202.12.63.255,8192,11/06/93,
202.12.128.0,202.12.191.255,16384,23/01/97,
202.12.192.0,202.12.223.255,8192,23/01/97,
202.12.224.0,202.12.239.255,4096,23/01/97,
202.20.16.0,202.20.31.255,4096,03/08/93,
202.43.128.0,202.43.143.255,4096,17/11/03,
202.44.176.0,202.44.191.255,4096,28/02/02,
202.45.96.0,202.45.127.255,8192,09/08/01,
202.47.32.0,202.47.63.255,8192,15/06/98,
202.51.160.0,202.51.175.255,4096,24/12/03,
202.53.32.0,202.53.63.255,8192,04/09/98,
202.53.176.0,202.53.191.255,4096,23/03/04,
202.53.192.0,202.53.207.255,4096,21/02/01,
202.55.144.0,202.55.159.255,4096,01/04/04,
202.58.32.0,202.58.63.255,8192,19/10/99,
202.59.16.0,202.59.31.255,4096,20/02/01,
202.59.32.0,202.59.63.255,8192,24/09/10,
202.59.96.0,202.59.111.255,4096,22/04/02,
202.60.64.0,202.60.79.255,4096,17/12/03,
202.60.80.0,202.60.95.255,4096,17/11/05,
202.61.128.0,202.61.255.255,32768,07/07/03,
202.62.32.0,202.62.63.255,8192,09/03/00,
202.62.128.0,202.62.159.255,8192,26/11/98,
202.63.32.0,202.63.47.255,4096,09/01/04,
202.63.48.0,202.63.63.255,4096,07/07/04,
202.63.64.0,202.63.79.255,4096,28/05/02,
202.65.16.0,202.65.31.255,4096,21/06/01,
202.65.64.0,202.65.95.255,8192,22/06/99,
202.67.64.0,202.67.127.255,16384,15/12/04,
202.68.64.0,202.68.79.255,4096,08/08/02,
202.68.96.0,202.68.127.255,8192,06/04/11,
202.68.160.0,202.68.175.255,4096,30/09/02,
202.69.208.0,202.69.223.255,4096,29/07/03,
202.71.160.0,202.71.175.255,4096,25/03/02,
202.72.128.0,202.72.159.255,8192,04/11/99,
202.72.160.0,202.72.191.255,8192,17/05/02,
202.73.144.0,202.73.159.255,4096,11/04/11,
202.74.128.0,202.74.159.255,8192,30/11/98,
202.74.160.0,202.74.175.255,4096,06/11/01,
202.74.176.0,202.74.191.255,4096,12/12/02,
202.76.128.0,202.76.159.255,8192,24/05/99,
202.76.160.0,202.76.191.255,8192,09/06/00,
202.78.32.0,202.78.47.255,4096,05/06/02,
202.79.160.0,202.79.175.255,4096,25/03/02,
202.80.64.0,202.80.95.255,8192,06/05/99,
202.81.64.0,202.81.79.255,4096,03/09/02,
202.81.96.0,202.81.127.255,8192,06/10/04,
202.81.208.0,202.81.223.255,4096,20/10/03,
202.83.64.0,202.83.95.255,8192,01/11/99,
202.86.32.0,202.86.47.255,4096,31/10/02,
202.87.16.0,202.87.31.255,4096,25/03/03,
202.87.160.0,202.87.175.255,4096,28/03/02,
202.89.32.0,202.89.63.255,8192,20/04/00,
202.89.160.0,202.89.175.255,4096,05/12/02,
202.89.176.0,202.89.191.255,4096,16/08/04,
202.90.160.0,202.90.175.255,4096,29/08/02,
202.91.192.0,202.91.207.255,4096,20/01/02,
202.92.32.0,202.92.47.255,4096,14/05/01,
202.92.64.0,202.92.95.255,8192,24/01/00,
202.92.96.0,202.92.127.255,8192,12/05/00,
202.93.96.0,202.93.111.255,4096,23/01/02,
202.93.160.0,202.93.175.255,4096,12/03/03,
202.93.176.0,202.93.191.255,4096,13/03/03,
202.94.32.0,202.94.47.255,4096,10/04/03,
202.124.32.0,202.124.47.255,4096,25/10/02,
202.124.64.0,202.124.79.255,4096,31/07/02,
202.124.80.0,202.124.95.255,4096,07/05/03,
202.125.32.0,202.125.47.255,4096,03/03/03,
202.126.96.0,202.126.111.255,4096,29/04/03,
202.128.112.0,202.128.127.255,4096,01/10/03,
202.129.64.0,202.129.79.255,4096,18/08/00,
202.129.80.0,202.129.95.255,4096,23/08/00,
202.129.112.0,202.129.127.255,4096,08/08/01,
202.129.128.0,202.129.159.255,8192,21/08/00,
202.134.32.0,202.134.47.255,4096,05/12/03,
202.134.224.0,202.134.255.255,8192,02/06/04,
202.136.32.0,202.136.47.255,4096,11/03/03,
202.136.96.0,202.136.111.255,4096,07/05/03,
202.137.64.0,202.137.95.255,8192,25/08/98,
202.137.96.0,202.137.111.255,4096,15/09/03,
202.137.160.0,202.137.175.255,4096,15/09/03,
202.138.0.0,202.138.15.255,4096,07/02/97,
202.138.16.0,202.138.31.255,4096,23/09/98,
202.138.32.0,202.138.63.255,8192,23/09/98,
202.138.64.0,202.138.79.255,4096,10/11/09,
202.138.192.0,202.138.207.255,4096,13/02/01,
202.138.208.0,202.138.223.255,4096,28/09/01,
202.139.0.0,202.139.31.255,8192,20/05/97,
202.139.32.0,202.139.63.255,8192,30/07/98,
202.139.64.0,202.139.127.255,16384,28/07/99,
202.139.128.0,202.139.191.255,16384,12/04/00,
202.139.224.0,202.139.255.255,8192,17/06/97,
202.140.224.0,202.140.255.255,8192,30/10/02,
202.142.32.0,202.142.63.255,8192,05/06/03,
202.142.128.0,202.142.143.255,4096,21/01/04,
202.144.160.0,202.144.175.255,4096,05/05/10,
202.147.96.0,202.147.127.255,8192,10/11/09,
202.147.128.0,202.147.143.255,4096,09/03/04,
202.148.128.0,202.148.159.255,8192,05/03/99,
202.148.224.0,202.148.239.255,4096,07/10/03,
202.153.64.0,202.153.79.255,4096,20/07/04,
202.154.64.0,202.154.79.255,4096,01/12/00,
202.154.80.0,202.154.95.255,4096,11/02/02,
202.154.96.0,202.154.127.255,8192,09/10/02,
202.155.160.0,202.155.175.255,4096,22/08/02,
202.155.176.0,202.155.191.255,4096,18/11/03,
202.158.192.0,202.158.207.255,4096,19/06/03,
202.158.208.0,202.158.223.255,4096,29/03/04,
202.159.128.0,202.159.191.255,16384,04/04/11,
202.160.96.0,202.160.111.255,4096,19/10/01,
202.161.0.0,202.161.31.255,8192,15/09/03,
202.161.64.0,202.161.79.255,4096,04/07/02,
202.161.80.0,202.161.95.255,4096,11/07/02,
202.161.96.0,202.161.127.255,8192,07/01/99,
202.162.96.0,202.162.111.255,4096,16/03/02,
202.164.192.0,202.164.207.255,4096,07/07/04,
202.165.64.0,202.165.95.255,8192,24/05/99,
202.168.0.0,202.168.31.255,8192,10/03/04,
202.168.32.0,202.168.63.255,8192,16/08/04,
202.168.96.0,202.168.127.255,8192,22/12/98,
202.169.96.0,202.169.127.255,8192,09/07/10,
202.171.96.0,202.171.111.255,4096,13/03/03,
202.171.160.0,202.171.175.255,4096,05/07/04,
202.171.176.0,202.171.191.255,4096,05/09/05,
202.172.96.0,202.172.127.255,8192,13/04/00,
202.172.128.0,202.172.159.255,8192,05/05/00,
202.173.128.0,202.173.159.255,8192,25/06/03,
202.173.160.0,202.173.191.255,8192,17/11/03,
202.173.192.0,202.173.207.255,4096,31/10/03,
202.174.32.0,202.174.47.255,4096,08/08/01,
202.174.96.0,202.174.111.255,4096,06/05/04,
202.174.224.0,202.174.255.255,8192,15/05/00,
202.177.208.0,202.177.223.255,4096,22/10/03,
202.180.224.0,202.180.255.255,8192,09/05/97,
202.181.32.0,202.181.63.255,8192,11/04/11,
202.181.64.0,202.181.95.255,8192,22/03/00,
202.182.64.0,202.182.95.255,8192,30/10/98,
202.182.96.0,202.182.111.255,4096,15/01/04,
202.182.112.0,202.182.127.255,4096,31/10/05,
202.182.128.0,202.182.159.255,8192,08/03/00,
202.183.96.0,202.183.111.255,4096,20/11/03,
202.183.112.0,202.183.127.255,4096,30/06/04,
202.189.64.0,202.189.79.255,4096,23/05/03,
202.191.96.0,202.191.111.255,4096,27/11/03,
203.0.48.0,203.0.63.255,4096,08/09/93,
203.0.192.0,203.0.223.255,8192,07/10/93,
203.0.240.0,203.0.255.255,4096,08/10/93,
203.1.32.0,203.1.63.255,8192,13/10/93,
203.1.112.0,203.1.127.255,4096,18/11/93,
203.1.128.0,203.1.191.255,16384,05/11/93,
203.1.192.0,203.1.207.255,4096,18/11/93,
203.1.224.0,203.1.239.255,4096,29/11/93,
203.2.0.0,203.2.31.255,8192,29/09/93,
203.2.32.0,203.2.63.255,8192,13/12/93,
203.2.80.0,203.2.95.255,4096,20/12/93,
203.2.96.0,203.2.111.255,4096,22/12/93,
203.2.240.0,203.2.255.255,4096,21/02/94,
203.3.0.0,203.3.63.255,16384,28/01/94,
203.3.144.0,203.3.159.255,4096,14/03/94,
203.3.176.0,203.3.191.255,4096,29/03/94,
203.3.192.0,203.3.255.255,16384,14/03/94,
203.4.0.0,203.4.127.255,32768,28/01/94,
203.5.80.0,203.5.95.255,4096,27/05/94,
203.5.128.0,203.5.159.255,8192,31/05/94,
203.5.224.0,203.5.239.255,4096,08/07/94,
203.6.0.0,203.6.127.255,32768,08/07/94,
203.6.160.0,203.6.191.255,8192,19/07/94,
203.6.192.0,203.6.207.255,4096,20/07/94,
203.7.0.0,203.7.127.255,32768,04/04/11,
203.7.176.0,203.7.191.255,4096,24/08/94,
203.7.208.0,203.7.223.255,4096,25/08/94,
203.7.240.0,203.7.255.255,4096,30/08/94,
203.8.32.0,203.8.63.255,8192,31/08/94,
203.8.128.0,203.8.159.255,8192,20/02/95,
203.8.224.0,203.8.255.255,8192,07/10/94,
203.9.0.0,203.9.31.255,8192,07/10/94,
203.9.80.0,203.9.95.255,4096,27/10/94,
203.9.112.0,203.9.127.255,4096,27/10/94,
203.9.160.0,203.9.175.255,4096,06/11/94,
203.9.192.0,203.9.223.255,8192,07/11/94,
203.9.224.0,203.9.239.255,4096,14/11/94,
203.9.240.0,203.9.255.255,4096,14/11/94,
203.10.128.0,203.10.255.255,32768,23/12/94,
203.11.0.0,203.11.63.255,16384,23/12/94,
203.11.144.0,203.11.159.255,4096,13/01/95,
203.11.192.0,203.11.207.255,4096,15/01/95,
203.11.224.0,203.11.255.255,8192,19/01/95,
203.12.0.0,203.12.15.255,4096,19/01/95,
203.12.176.0,203.12.191.255,4096,15/02/95,
203.13.0.0,203.13.15.255,4096,23/02/95,
203.13.48.0,203.13.63.255,4096,07/03/95,
203.13.96.0,203.13.127.255,8192,08/11/96,
203.13.128.0,203.13.143.255,4096,08/11/96,
203.13.144.0,203.13.159.255,4096,14/03/95,
203.13.176.0,203.13.191.255,4096,15/03/95,
203.13.192.0,203.13.207.255,4096,21/03/95,
203.13.240.0,203.13.255.255,4096,27/03/95,
203.14.0.0,203.14.15.255,4096,02/09/94,
203.14.64.0,203.14.79.255,4096,06/04/95,
203.14.80.0,203.14.95.255,4096,06/04/95,
203.14.128.0,203.14.143.255,4096,21/04/95,
203.15.32.0,203.15.63.255,8192,02/09/94,
203.15.176.0,203.15.191.255,4096,19/05/95,
203.15.192.0,203.15.223.255,8192,19/05/95,
203.16.64.0,203.16.127.255,16384,05/06/95,
203.16.144.0,203.16.159.255,4096,06/06/95,
203.18.112.0,203.18.127.255,4096,09/08/95,
203.19.192.0,203.19.207.255,4096,12/09/95,
203.20.0.0,203.20.15.255,4096,19/09/95,
203.20.160.0,203.20.191.255,8192,12/10/95,
203.20.208.0,203.20.223.255,4096,12/10/95,
203.21.48.0,203.21.63.255,4096,23/10/95,
203.21.160.0,203.21.175.255,4096,10/11/95,
203.21.176.0,203.21.191.255,4096,14/11/95,
203.21.208.0,203.21.223.255,4096,14/11/95,
203.21.224.0,203.21.255.255,8192,14/11/95,
203.22.0.0,203.22.15.255,4096,14/11/95,
203.22.32.0,203.22.63.255,8192,17/11/95,
203.23.208.0,203.23.223.255,4096,06/02/96,
203.24.224.0,203.24.239.255,4096,28/02/96,
203.25.0.0,203.25.15.255,4096,29/02/96,
203.26.16.0,203.26.31.255,4096,04/04/96,
203.27.128.0,203.27.191.255,16384,02/09/94,
203.28.96.0,203.28.111.255,4096,20/06/96,
203.29.128.0,203.29.159.255,8192,11/07/96,
203.29.160.0,203.29.175.255,4096,02/09/94,
203.30.0.0,203.30.15.255,4096,23/07/96,
203.31.128.0,203.31.159.255,8192,19/09/96,
203.32.224.0,203.32.255.255,8192,10/10/96,
203.33.80.0,203.33.95.255,4096,11/10/96,
203.35.0.0,203.35.255.255,65536,02/09/94,
203.36.0.0,203.39.255.255,262144,02/09/94,
203.40.0.0,203.47.255.255,524288,02/09/94,
203.48.0.0,203.51.255.255,262144,02/09/94,
203.52.0.0,203.53.255.255,131072,02/09/94,
203.54.0.0,203.54.255.255,65536,02/09/94,
203.56.128.0,203.56.159.255,8192,17/01/97,
203.57.128.0,203.57.143.255,4096,04/02/97,
203.57.160.0,203.57.191.255,8192,06/02/97,
203.58.0.0,203.58.31.255,8192,13/12/95,
203.58.32.0,203.58.63.255,8192,02/09/94,
203.58.64.0,203.58.127.255,16384,02/09/94,
203.58.128.0,203.58.255.255,32768,02/09/94,
203.59.0.0,203.59.255.255,65536,01/01/93,
203.61.0.0,203.61.255.255,65536,13/05/95,
203.62.16.0,203.62.31.255,4096,16/05/95,
203.62.32.0,203.62.63.255,8192,16/05/95,
203.62.64.0,203.62.127.255,16384,16/05/95,
203.63.0.0,203.63.255.255,65536,12/07/95,
203.76.0.0,203.76.63.255,16384,24/12/03,
203.77.160.0,203.77.175.255,4096,15/10/02,
203.78.16.0,203.78.31.255,4096,27/06/02,
203.80.160.0,203.80.175.255,4096,26/09/01,
203.82.96.0,203.82.111.255,4096,11/03/03,
203.82.160.0,203.82.191.255,8192,10/11/09,
203.83.192.0,203.83.207.255,4096,28/10/04,
203.84.64.0,203.84.95.255,8192,04/02/04,
203.84.96.0,203.84.127.255,8192,18/05/04,
203.84.224.0,203.84.239.255,4096,17/05/01,
203.87.0.0,203.87.31.255,8192,06/06/97,
203.87.32.0,203.87.63.255,8192,24/12/98,
203.87.64.0,203.87.95.255,8192,30/09/99,
203.87.96.0,203.87.127.255,8192,18/06/01,
203.88.224.0,203.88.255.255,8192,16/01/98,
203.89.64.0,203.89.95.255,8192,22/05/00,
203.89.96.0,203.89.127.255,8192,23/11/04,
203.89.160.0,203.89.191.255,8192,30/11/04,
203.89.192.0,203.89.223.255,8192,15/12/99,
203.89.224.0,203.89.255.255,8192,30/01/98,
203.91.64.0,203.91.95.255,8192,09/11/98,
203.91.224.0,203.91.239.255,4096,13/02/98,
203.92.224.0,203.92.255.255,8192,12/11/98,
203.94.144.0,203.94.159.255,4096,07/06/00,
203.94.160.0,203.94.175.255,4096,18/06/01,
203.94.176.0,203.94.191.255,4096,25/10/01,
203.98.192.0,203.98.223.255,8192,10/01/05,
203.100.0.0,203.100.31.255,8192,26/06/98,
203.101.224.0,203.101.255.255,8192,12/06/97,
203.102.0.0,203.103.255.255,131072,13/05/96,
203.104.0.0,203.104.15.255,4096,29/02/96,
203.105.192.0,203.105.223.255,8192,16/02/05,
203.108.0.0,203.108.255.255,65536,14/03/96,
203.110.128.0,203.110.159.255,8192,29/05/00,
203.110.192.0,203.110.207.255,4096,23/02/05,
203.111.0.0,203.111.127.255,32768,17/07/97,
203.111.144.0,203.111.159.255,4096,16/05/01,
203.111.160.0,203.111.191.255,8192,28/05/01,
203.112.96.0,203.112.127.255,8192,11/04/11,
203.113.192.0,203.113.255.255,16384,15/07/02,
203.119.96.0,203.119.111.255,4096,04/11/10,
203.121.192.0,203.121.223.255,8192,25/09/02,
203.122.64.0,203.122.95.255,8192,12/09/02,
203.122.96.0,203.122.127.255,8192,03/10/03,
203.122.128.0,203.122.191.255,16384,10/09/02,
203.122.192.0,203.122.255.255,16384,01/06/04,
203.123.64.0,203.123.95.255,8192,18/07/00,
203.123.96.0,203.123.111.255,4096,30/05/03,
203.123.112.0,203.123.127.255,4096,04/04/05,
203.128.128.0,203.128.159.255,8192,11/04/11,
203.129.32.0,203.129.63.255,8192,11/06/10,
203.129.128.0,203.129.159.255,8192,07/07/03,
203.130.160.0,203.130.175.255,4096,29/03/05,
203.131.0.0,203.131.31.255,8192,04/03/98,
203.131.32.0,203.131.63.255,8192,01/06/99,
203.132.0.0,203.132.31.255,8192,07/05/98,
203.132.64.0,203.132.95.255,8192,11/04/07,
203.132.224.0,203.132.255.255,8192,21/05/98,
203.134.0.0,203.134.31.255,8192,05/11/98,
203.134.32.0,203.134.63.255,8192,05/05/99,
203.134.64.0,203.134.127.255,16384,19/11/99,
203.134.128.0,203.134.191.255,16384,24/03/00,
203.142.128.0,203.142.159.255,8192,21/01/04,
203.143.64.0,203.143.95.255,8192,19/07/00,
203.143.160.0,203.143.175.255,4096,03/06/05,
203.144.0.0,203.144.31.255,8192,02/07/98,
203.145.32.0,203.145.63.255,8192,06/06/05,
203.147.128.0,203.147.143.255,4096,15/10/01,
203.147.144.0,203.147.159.255,4096,27/09/00,
203.147.160.0,203.147.191.255,8192,24/09/99,
203.147.192.0,203.147.223.255,8192,22/01/99,
203.147.224.0,203.147.255.255,8192,31/07/98,
203.149.64.0,203.149.79.255,4096,28/05/01,
203.152.224.0,203.152.255.255,8192,23/09/03,
203.153.192.0,203.153.207.255,4096,02/09/05,
203.153.224.0,203.153.255.255,8192,13/01/00,
203.158.32.0,203.158.63.255,8192,13/09/05,
203.161.64.0,203.161.95.255,8192,10/08/01,
203.161.96.0,203.161.127.255,8192,14/07/00,
203.161.128.0,203.161.159.255,8192,08/07/04,
203.161.160.0,203.161.175.255,4096,05/09/06,
203.164.0.0,203.164.31.255,8192,12/08/99,
203.164.32.0,203.164.63.255,8192,27/01/00,
203.164.64.0,203.164.95.255,8192,27/01/00,
203.164.96.0,203.164.127.255,8192,19/06/00,
203.164.128.0,203.164.255.255,32768,19/06/00,
203.166.0.0,203.166.31.255,8192,16/12/98,
203.166.32.0,203.166.47.255,4096,18/05/00,
203.166.48.0,203.166.63.255,4096,10/07/00,
203.166.64.0,203.166.95.255,8192,06/09/00,
203.166.96.0,203.166.127.255,8192,16/11/00,
203.166.224.0,203.166.255.255,8192,24/09/98,
203.168.32.0,203.168.47.255,4096,07/10/05,
203.168.48.0,203.168.63.255,4096,22/12/06,
203.170.0.0,203.170.15.255,4096,09/11/05,
203.171.64.0,203.171.127.255,16384,05/11/04,
203.171.192.0,203.171.207.255,4096,18/10/05,
203.173.0.0,203.173.63.255,16384,01/02/00,
203.174.128.0,203.174.159.255,8192,31/01/00,
203.174.160.0,203.174.191.255,8192,28/05/01,
203.176.96.0,203.176.111.255,4096,25/11/05,
203.184.64.0,203.184.79.255,4096,06/03/01,
203.185.192.0,203.185.223.255,8192,21/03/01,
203.185.224.0,203.185.255.255,8192,10/10/01,
203.188.128.0,203.188.159.255,8192,12/07/00,
203.190.192.0,203.190.207.255,4096,04/10/01,
203.191.160.0,203.191.175.255,4096,13/11/00,
203.191.176.0,203.191.191.255,4096,24/10/02,
203.191.192.0,203.191.207.255,4096,12/09/01,
203.192.64.0,203.192.95.255,8192,16/12/05,
203.193.192.0,203.193.223.255,8192,07/02/03,
203.194.0.0,203.194.63.255,16384,12/05/00,
203.196.32.0,203.196.47.255,4096,22/12/05,
203.196.48.0,203.196.63.255,4096,27/09/06,
203.201.0.0,203.201.31.255,8192,02/10/00,
203.201.64.0,203.201.127.255,16384,10/11/09,
203.201.128.0,203.201.159.255,8192,30/07/04,
203.202.0.0,203.202.63.255,16384,05/07/00,
203.202.64.0,203.202.127.255,16384,08/11/00,
203.202.128.0,203.202.191.255,16384,08/11/00,
203.206.0.0,203.206.255.255,65536,16/08/01,
203.208.64.0,203.208.95.255,8192,30/08/00,
203.208.96.0,203.208.127.255,8192,14/11/03,
203.209.160.0,203.209.175.255,4096,16/01/06,
203.209.192.0,203.209.223.255,8192,23/04/04,
203.210.64.0,203.210.79.255,4096,19/04/06,
203.210.96.0,203.210.111.255,4096,04/09/03,
203.210.112.0,203.210.127.255,4096,08/07/04,
203.212.128.0,203.212.159.255,8192,15/12/04,
203.213.0.0,203.213.63.255,16384,22/06/01,
203.213.64.0,203.213.95.255,8192,10/04/02,
203.213.96.0,203.213.127.255,8192,13/05/02,
203.213.128.0,203.213.159.255,8192,02/08/01,
203.213.224.0,203.213.239.255,4096,31/03/06,
203.213.240.0,203.213.255.255,4096,20/10/06,
203.214.0.0,203.214.127.255,32768,29/12/00,
203.214.128.0,203.214.159.255,8192,29/12/00,
203.214.160.0,203.214.191.255,8192,29/12/00,
203.214.192.0,203.214.255.255,16384,29/12/00,
203.215.0.0,203.215.31.255,8192,16/08/01,
203.215.128.0,203.215.159.255,8192,05/06/01,
203.217.0.0,203.217.31.255,8192,03/05/02,
203.217.32.0,203.217.63.255,8192,14/01/03,
203.217.64.0,203.217.95.255,8192,14/01/03,
203.219.0.0,203.219.63.255,16384,12/08/02,
203.219.64.0,203.219.95.255,8192,12/08/02,
203.219.96.0,203.219.127.255,8192,11/03/03,
203.219.128.0,203.219.255.255,32768,11/03/03,
203.220.0.0,203.220.255.255,65536,20/02/01,
203.221.0.0,203.221.127.255,32768,15/01/02,
203.221.128.0,203.221.191.255,16384,11/04/02,
203.221.192.0,203.221.255.255,16384,30/04/03,
203.222.32.0,203.222.63.255,8192,22/06/01,
203.222.64.0,203.222.79.255,4096,02/08/01,
203.222.80.0,203.222.95.255,4096,04/01/02,
203.222.96.0,203.222.127.255,8192,08/04/02,
203.222.128.0,203.222.159.255,8192,11/01/02,
203.222.160.0,203.222.191.255,8192,22/07/03,
210.0.0.0,210.0.31.255,8192,09/09/96,
210.0.64.0,210.0.95.255,8192,21/06/02,
210.0.96.0,210.0.111.255,4096,20/02/03,
210.1.192.0,210.1.223.255,8192,04/05/06,
210.4.224.0,210.4.239.255,4096,11/05/06,
210.8.0.0,210.8.255.255,65536,09/10/96,
210.9.0.0,210.9.31.255,8192,25/02/98,
210.9.32.0,210.9.63.255,8192,04/08/98,
210.9.64.0,210.9.127.255,16384,20/11/98,
210.9.128.0,210.9.255.255,32768,14/05/99,
210.10.0.0,210.10.127.255,32768,11/11/99,
210.10.128.0,210.10.255.255,32768,05/06/00,
210.11.0.0,210.11.255.255,65536,24/07/00,
210.14.96.0,210.14.111.255,4096,17/05/06,
210.15.192.0,210.15.223.255,8192,03/06/98,
210.15.224.0,210.15.255.255,8192,18/03/97,
210.18.192.0,210.18.223.255,8192,18/02/02,
210.18.224.0,210.18.255.255,8192,17/02/03,
210.49.0.0,210.49.127.255,32768,30/04/01,
210.49.128.0,210.49.143.255,4096,28/06/01,
210.49.144.0,210.49.159.255,4096,22/08/01,
210.49.160.0,210.49.191.255,8192,22/08/01,
210.49.192.0,210.49.255.255,16384,22/08/01,
210.50.0.0,210.50.63.255,16384,09/08/00,
210.50.64.0,210.50.95.255,8192,11/05/01,
210.50.96.0,210.50.127.255,8192,12/06/01,
210.50.128.0,210.50.255.255,32768,10/09/01,
210.56.64.0,210.56.79.255,4096,19/04/02,
210.56.224.0,210.56.255.255,8192,09/06/06,
210.80.128.0,210.80.159.255,8192,18/05/01,
210.80.160.0,210.80.191.255,8192,01/08/02,
210.84.0.0,210.84.63.255,16384,22/03/99,
210.84.64.0,210.84.127.255,16384,22/03/99,
210.84.128.0,210.84.255.255,32768,22/03/99,
210.86.240.0,210.86.255.255,4096,17/09/07,
210.87.0.0,210.87.31.255,8192,29/10/01,
210.87.32.0,210.87.63.255,8192,31/05/02,
210.89.128.0,210.89.159.255,8192,20/02/03,
210.185.64.0,210.185.95.255,8192,08/12/04,
210.185.96.0,210.185.127.255,8192,11/10/06,
210.193.128.0,210.193.255.255,32768,07/01/02,
210.215.0.0,210.215.63.255,16384,31/01/00,
210.215.64.0,210.215.127.255,16384,27/10/00,
210.215.128.0,210.215.255.255,32768,27/10/00,
210.247.128.0,210.247.191.255,16384,15/11/05,
210.247.192.0,210.247.207.255,4096,21/05/07,
210.247.208.0,210.247.223.255,4096,27/05/08,
210.247.224.0,210.247.239.255,4096,12/08/08,
211.26.0.0,211.26.63.255,16384,10/09/01,
211.26.64.0,211.26.127.255,16384,20/08/02,
211.26.128.0,211.26.255.255,32768,20/08/02,
211.27.0.0,211.27.255.255,65536,30/09/03,
211.28.0.0,211.28.127.255,32768,04/09/01,
211.28.128.0,211.28.191.255,16384,04/09/01,
211.28.192.0,211.28.255.255,16384,06/03/02,
211.29.0.0,211.29.63.255,16384,06/03/02,
211.29.64.0,211.29.127.255,16384,28/10/02,
211.29.128.0,211.29.191.255,16384,28/10/02,
211.29.192.0,211.29.255.255,16384,01/07/03,
211.30.0.0,211.30.255.255,65536,01/07/03,
211.31.0.0,211.31.255.255,65536,16/03/04,
216.14.192.0,216.14.207.255,4096,13/12/00,
218.185.0.0,218.185.127.255,32768,25/10/01,
218.214.0.0,218.214.255.255,65536,19/06/03,
218.215.0.0,218.215.255.255,65536,21/01/05,
219.90.128.0,219.90.255.255,32768,05/10/04,
220.101.0.0,220.101.127.255,32768,28/01/04,
220.101.128.0,220.101.191.255,16384,28/01/04,
220.157.64.0,220.157.95.255,8192,21/07/05,
220.233.0.0,220.233.127.255,32768,09/02/04,
220.233.128.0,220.233.255.255,32768,11/04/05,
220.235.0.0,220.235.127.255,32768,30/03/04,
220.235.128.0,220.235.255.255,32768,29/01/05,
220.236.0.0,220.236.255.255,65536,16/03/04,
220.237.0.0,220.237.255.255,65536,08/07/04,
220.238.0.0,220.238.255.255,65536,08/07/04,
220.239.0.0,220.239.255.255,65536,22/04/05,
220.240.0.0,220.240.255.255,65536,30/04/03,
220.244.0.0,220.244.255.255,65536,18/06/03,
220.245.0.0,220.245.255.255,65536,05/02/04,
220.247.144.0,220.247.159.255,4096,30/03/11,
220.253.0.0,220.253.127.255,32768,25/06/04,
220.253.128.0,220.253.191.255,16384,20/04/05,
220.253.192.0,220.253.255.255,16384,03/08/06,
221.120.128.0,221.120.159.255,8192,10/11/09,
221.121.64.0,221.121.95.255,8192,23/05/05,
221.121.128.0,221.121.159.255,8192,05/10/09,
221.133.192.0,221.133.223.255,8192,01/03/05,
221.199.208.0,221.199.223.255,4096,06/09/06,
223.27.0.0,223.27.31.255,8192,19/08/10,
223.165.96.0,223.165.127.255,8192,06/08/10,
223.252.0.0,223.252.127.255,32768,27/07/10,

