1.0.32.0,1.0.63.255,8192,12/04/11,
1.1.16.0,1.1.31.255,4096,12/04/11,
1.1.32.0,1.1.63.255,8192,12/04/11,
1.2.16.0,1.2.31.255,4096,12/04/11,
1.2.32.0,1.2.63.255,8192,12/04/11,
1.2.64.0,1.2.127.255,16384,12/04/11,
1.3.0.0,1.3.255.255,65536,12/04/11,
1.4.16.0,1.4.31.255,4096,12/04/11,
1.4.32.0,1.4.63.255,8192,12/04/11,
1.4.64.0,1.4.127.255,16384,12/04/11,
1.8.0.0,1.8.255.255,65536,04/04/11,
1.10.16.0,1.10.31.255,4096,12/04/11,
1.10.32.0,1.10.63.255,8192,12/04/11,
1.10.64.0,1.10.127.255,16384,12/04/11,
1.12.0.0,1.15.255.255,262144,11/05/10,
1.24.0.0,1.31.255.255,524288,05/05/10,
1.45.0.0,1.45.255.255,65536,06/07/10,
1.48.0.0,1.49.255.255,131072,28/05/10,
1.50.0.0,1.50.255.255,65536,02/09/10,
1.51.0.0,1.51.255.255,65536,12/07/10,
1.56.0.0,1.63.255.255,524288,28/05/10,
1.68.0.0,1.71.255.255,262144,01/07/10,
1.80.0.0,1.87.255.255,524288,05/08/10,
1.88.0.0,1.91.255.255,262144,05/08/10,
1.92.0.0,1.93.255.255,131072,05/08/10,
1.94.0.0,1.95.255.255,131072,06/08/10,
1.116.0.0,1.119.255.255,262144,11/06/10,
1.180.0.0,1.183.255.255,262144,28/06/10,
1.184.0.0,1.185.255.255,131072,04/06/10,
1.188.0.0,1.191.255.255,262144,28/05/10,
1.192.0.0,1.199.255.255,524288,19/06/10,
1.202.0.0,1.203.255.255,131072,09/06/10,
1.204.0.0,1.207.255.255,262144,28/05/10,
14.16.0.0,14.31.255.255,1048576,06/09/10,
14.103.0.0,14.103.255.255,65536,10/08/10,
14.104.0.0,14.111.255.255,524288,18/08/10,
14.112.0.0,14.127.255.255,1048576,06/09/10,
14.130.0.0,14.131.255.255,131072,18/08/10,
14.134.0.0,14.135.255.255,131072,02/09/10,
14.144.0.0,14.159.255.255,1048576,06/09/10,
14.196.0.0,14.197.255.255,131072,03/09/10,
14.204.0.0,14.205.255.255,131072,17/09/10,
14.208.0.0,14.223.255.255,1048576,06/09/10,
27.8.0.0,27.15.255.255,524288,11/03/10,
27.16.0.0,27.31.255.255,1048576,18/03/10,
27.36.0.0,27.39.255.255,262144,23/03/10,
27.40.0.0,27.47.255.255,524288,23/03/10,
27.50.128.0,27.50.255.255,32768,17/03/10,
27.54.192.0,27.54.255.255,16384,25/03/10,
27.98.208.0,27.98.223.255,4096,25/05/10,
27.98.224.0,27.98.255.255,8192,24/05/10,
27.99.128.0,27.99.255.255,32768,25/01/11,
27.103.0.0,27.103.255.255,65536,28/05/10,
27.106.128.0,27.106.191.255,16384,08/06/10,
27.109.32.0,27.109.63.255,8192,07/03/11,
27.112.0.0,27.112.63.255,16384,02/07/10,
27.112.80.0,27.112.95.255,4096,05/07/10,
27.113.128.0,27.113.191.255,16384,08/07/10,
27.115.0.0,27.115.127.255,32768,13/07/10,
27.128.0.0,27.129.255.255,131072,14/04/10,
27.144.0.0,27.144.255.255,65536,25/03/10,
27.148.0.0,27.151.255.255,262144,26/03/10,
27.152.0.0,27.159.255.255,524288,26/03/10,
27.184.0.0,27.191.255.255,524288,14/04/10,
27.192.0.0,27.223.255.255,2097152,14/04/10,
27.224.0.0,27.227.255.255,262144,26/03/10,
36.0.16.0,36.0.31.255,4096,12/04/11,
36.0.32.0,36.0.63.255,8192,12/04/11,
36.0.64.0,36.0.127.255,16384,11/03/11,
36.0.128.0,36.0.255.255,32768,09/03/11,
36.1.0.0,36.1.255.255,65536,25/01/11,
36.4.0.0,36.7.255.255,262144,20/01/11,
36.16.0.0,36.31.255.255,1048576,17/01/11,
36.32.0.0,36.35.255.255,262144,02/02/11,
36.36.0.0,36.36.255.255,65536,28/01/11,
36.37.0.0,36.37.31.255,8192,12/04/11,
36.37.48.0,36.37.63.255,4096,12/04/11,
36.40.0.0,36.47.255.255,524288,18/01/11,
36.48.0.0,36.49.255.255,131072,04/02/11,
36.51.0.0,36.51.255.255,65536,28/01/11,
36.56.0.0,36.63.255.255,524288,20/01/11,
36.96.0.0,36.127.255.255,2097152,17/01/11,
36.128.0.0,36.191.255.255,4194304,24/01/11,
36.192.0.0,36.223.255.255,2097152,11/01/11,
36.248.0.0,36.251.255.255,262144,07/02/11,
36.254.0.0,36.254.255.255,65536,31/01/11,
39.0.16.0,39.0.31.255,4096,12/04/11,
39.0.32.0,39.0.63.255,8192,12/04/11,
39.0.64.0,39.0.127.255,16384,12/04/11,
39.0.128.0,39.0.255.255,32768,12/04/11,
39.64.0.0,39.95.255.255,2097152,30/03/11,
39.96.0.0,39.103.255.255,524288,05/04/11,
39.104.0.0,39.107.255.255,262144,05/04/11,
39.108.0.0,39.108.255.255,65536,05/04/11,
39.128.0.0,39.191.255.255,4194304,01/04/11,
42.0.32.0,42.0.63.255,8192,12/04/11,
42.0.128.0,42.0.255.255,32768,10/03/11,
42.1.0.0,42.1.31.255,8192,12/04/11,
42.1.32.0,42.1.47.255,4096,12/04/11,
42.1.128.0,42.1.255.255,32768,10/03/11,
42.4.0.0,42.7.255.255,262144,22/02/11,
42.48.0.0,42.49.255.255,131072,18/02/11,
42.50.0.0,42.50.255.255,65536,16/03/11,
42.51.0.0,42.51.255.255,65536,31/01/11,
42.52.0.0,42.55.255.255,262144,22/02/11,
42.56.0.0,42.59.255.255,262144,22/02/11,
42.62.0.0,42.62.127.255,32768,10/03/11,
42.62.128.0,42.62.159.255,8192,12/04/11,
42.62.160.0,42.62.175.255,4096,12/04/11,
42.63.0.0,42.63.255.255,65536,31/01/11,
42.80.0.0,42.81.255.255,131072,21/02/11,
42.83.64.0,42.83.79.255,4096,12/04/11,
42.83.96.0,42.83.127.255,8192,12/04/11,
42.83.128.0,42.83.255.255,32768,10/03/11,
42.84.0.0,42.87.255.255,262144,22/02/11,
42.88.0.0,42.95.255.255,524288,09/02/11,
42.96.64.0,42.96.95.255,8192,12/04/11,
42.96.112.0,42.96.127.255,4096,12/04/11,
42.96.128.0,42.96.255.255,32768,11/03/11,
42.97.0.0,42.97.255.255,65536,04/02/11,
42.99.0.0,42.99.63.255,16384,12/04/11,
42.99.64.0,42.99.95.255,8192,12/04/11,
42.99.96.0,42.99.111.255,4096,12/04/11,
42.100.0.0,42.103.255.255,262144,28/02/11,
42.120.0.0,42.121.255.255,131072,21/02/11,
42.122.0.0,42.122.255.255,65536,21/02/11,
42.123.0.0,42.123.31.255,8192,12/04/11,
42.123.48.0,42.123.63.255,4096,12/04/11,
42.123.64.0,42.123.127.255,16384,12/04/11,
42.123.128.0,42.123.255.255,32768,16/03/11,
42.128.0.0,42.143.255.255,1048576,16/02/11,
42.156.0.0,42.156.31.255,8192,12/04/11,
42.156.48.0,42.156.63.255,4096,12/04/11,
42.156.64.0,42.156.127.255,16384,12/04/11,
42.156.128.0,42.156.255.255,32768,16/03/11,
42.157.0.0,42.157.255.255,65536,16/03/11,
42.158.0.0,42.159.255.255,131072,24/02/11,
42.160.0.0,42.175.255.255,1048576,16/02/11,
42.176.0.0,42.183.255.255,524288,22/02/11,
42.184.0.0,42.185.255.255,131072,28/02/11,
42.186.0.0,42.186.255.255,65536,16/03/11,
42.187.0.0,42.187.63.255,16384,12/04/11,
42.187.64.0,42.187.95.255,8192,12/04/11,
42.187.96.0,42.187.111.255,4096,12/04/11,
42.187.128.0,42.187.255.255,32768,16/03/11,
42.192.0.0,42.193.255.255,131072,04/03/11,
42.194.16.0,42.194.31.255,4096,12/04/11,
42.194.32.0,42.194.63.255,8192,12/04/11,
42.194.64.0,42.194.127.255,16384,12/04/11,
42.194.128.0,42.194.255.255,32768,17/03/11,
42.195.0.0,42.195.255.255,65536,17/03/11,
42.196.0.0,42.199.255.255,262144,18/03/11,
42.201.0.0,42.201.127.255,32768,12/04/11,
42.202.0.0,42.203.255.255,131072,17/03/11,
42.204.0.0,42.207.255.255,262144,18/03/11,
42.208.0.0,42.223.255.255,1048576,16/02/11,
42.224.0.0,42.239.255.255,1048576,17/02/11,
42.240.0.0,42.240.127.255,32768,12/04/11,
42.240.128.0,42.240.255.255,32768,22/03/11,
42.242.0.0,42.243.255.255,131072,17/03/11,
42.244.0.0,42.247.255.255,262144,18/03/11,
42.248.0.0,42.255.255.255,524288,17/03/11,
47.92.0.0,47.95.255.255,262144,06/01/89,
47.96.0.0,47.127.255.255,2097152,06/01/89,
49.4.0.0,49.7.255.255,262144,22/09/10,
49.51.0.0,49.51.255.255,65536,07/04/11,
49.52.0.0,49.55.255.255,262144,04/10/10,
49.64.0.0,49.95.255.255,2097152,15/11/10,
49.112.0.0,49.119.255.255,524288,22/10/10,
49.120.0.0,49.123.255.255,262144,04/10/10,
49.140.0.0,49.141.255.255,131072,29/10/10,
49.152.0.0,49.155.255.255,262144,23/11/10,
49.208.0.0,49.209.255.255,131072,06/12/10,
49.210.0.0,49.211.255.255,131072,07/12/10,
49.220.0.0,49.223.255.255,262144,09/12/10,
49.232.0.0,49.235.255.255,262144,26/11/10,
49.239.0.0,49.239.63.255,16384,06/12/10,
49.239.192.0,49.239.255.255,16384,07/12/10,
49.246.224.0,49.246.255.255,8192,23/11/10,
54.222.0.0,54.223.255.255,131072,17/03/92,
58.14.0.0,58.15.255.255,131072,24/02/05,
58.16.0.0,58.16.255.255,65536,25/01/05,
58.17.0.0,58.17.127.255,32768,01/02/05,
58.17.128.0,58.17.255.255,32768,15/02/05,
58.18.0.0,58.18.255.255,65536,01/03/05,
58.19.0.0,58.19.255.255,65536,09/03/05,
58.20.0.0,58.20.255.255,65536,31/03/05,
58.21.0.0,58.21.255.255,65536,03/08/05,
58.22.0.0,58.23.255.255,131072,29/04/05,
58.24.0.0,58.25.255.255,131072,03/03/05,
58.30.0.0,58.31.255.255,131072,16/03/05,
58.32.0.0,58.39.255.255,524288,28/01/05,
58.40.0.0,58.41.255.255,131072,28/01/05,
58.42.0.0,58.42.255.255,65536,26/05/05,
58.43.0.0,58.43.255.255,65536,17/08/05,
58.44.0.0,58.47.255.255,262144,29/03/05,
58.48.0.0,58.55.255.255,524288,23/05/05,
58.56.0.0,58.57.255.255,131072,22/06/05,
58.58.0.0,58.58.255.255,65536,22/06/05,
58.59.0.0,58.59.127.255,32768,22/06/05,
58.59.128.0,58.59.255.255,32768,16/09/05,
58.60.0.0,58.63.255.255,262144,16/08/05,
58.66.0.0,58.67.255.255,131072,21/03/05,
58.68.128.0,58.68.255.255,32768,27/09/06,
58.82.0.0,58.82.127.255,32768,30/03/05,
58.83.0.0,58.83.127.255,32768,30/03/05,
58.83.128.0,58.83.255.255,32768,30/03/05,
58.87.64.0,58.87.127.255,16384,08/04/05,
58.99.128.0,58.99.255.255,32768,12/10/06,
58.100.0.0,58.101.255.255,131072,15/04/05,
58.116.0.0,58.119.255.255,262144,11/05/05,
58.128.0.0,58.135.255.255,524288,11/05/05,
58.144.0.0,58.144.255.255,65536,25/05/05,
58.154.0.0,58.155.255.255,131072,18/09/06,
58.192.0.0,58.193.255.255,131072,19/05/05,
58.194.0.0,58.195.255.255,131072,26/05/05,
58.196.0.0,58.197.255.255,131072,17/06/05,
58.198.0.0,58.199.255.255,131072,11/07/06,
58.200.0.0,58.207.255.255,524288,26/05/05,
58.208.0.0,58.223.255.255,1048576,24/06/05,
58.240.0.0,58.241.255.255,131072,03/06/05,
58.242.0.0,58.243.255.255,131072,03/06/05,
58.244.0.0,58.245.255.255,131072,03/08/05,
58.246.0.0,58.247.255.255,131072,16/06/05,
58.248.0.0,58.255.255.255,524288,17/06/05,
59.32.0.0,59.39.255.255,524288,02/08/04,
59.40.0.0,59.41.255.255,131072,02/08/04,
59.42.0.0,59.42.255.255,65536,02/08/04,
59.43.0.0,59.43.255.255,65536,20/05/05,
59.44.0.0,59.47.255.255,262144,17/08/04,
59.48.0.0,59.48.255.255,65536,22/10/04,
59.49.0.0,59.49.127.255,32768,22/10/04,
59.49.128.0,59.49.255.255,32768,17/11/04,
59.50.0.0,59.50.255.255,65536,17/11/04,
59.51.0.0,59.51.127.255,32768,29/03/05,
59.51.128.0,59.51.255.255,32768,26/05/05,
59.52.0.0,59.55.255.255,262144,08/02/05,
59.56.0.0,59.59.255.255,262144,18/11/04,
59.60.0.0,59.61.255.255,131072,18/11/04,
59.62.0.0,59.63.255.255,131072,08/02/05,
59.64.0.0,59.67.255.255,262144,10/08/04,
59.68.0.0,59.71.255.255,262144,29/08/04,
59.72.0.0,59.73.255.255,131072,09/09/04,
59.74.0.0,59.75.255.255,131072,19/10/04,
59.76.0.0,59.76.255.255,65536,19/10/04,
59.77.0.0,59.77.255.255,65536,05/04/05,
59.78.0.0,59.79.255.255,131072,05/04/05,
59.80.0.0,59.81.255.255,131072,17/08/04,
59.82.0.0,59.83.255.255,131072,17/08/04,
59.107.0.0,59.107.127.255,32768,14/10/04,
59.107.128.0,59.107.255.255,32768,22/03/06,
59.108.0.0,59.109.255.255,131072,15/10/04,
59.110.0.0,59.111.255.255,131072,19/09/06,
59.151.0.0,59.151.127.255,32768,09/11/04,
59.155.0.0,59.155.255.255,65536,20/10/06,
59.172.0.0,59.173.255.255,131072,15/08/06,
59.174.0.0,59.175.255.255,131072,20/04/07,
59.191.0.0,59.191.127.255,32768,23/12/04,
59.191.240.0,59.191.255.255,4096,01/10/07,
59.192.0.0,59.255.255.255,4194304,23/12/04,
60.0.0.0,60.7.255.255,524288,29/03/04,
60.8.0.0,60.9.255.255,131072,29/03/04,
60.10.0.0,60.10.255.255,65536,29/03/04,
60.11.0.0,60.11.255.255,65536,31/12/04,
60.12.0.0,60.12.255.255,65536,29/06/04,
60.13.0.0,60.13.63.255,16384,29/06/04,
60.13.64.0,60.13.127.255,16384,20/07/06,
60.13.128.0,60.13.255.255,32768,19/08/04,
60.14.0.0,60.15.255.255,131072,31/12/04,
60.16.0.0,60.23.255.255,524288,29/03/04,
60.24.0.0,60.27.255.255,262144,16/04/04,
60.28.0.0,60.29.255.255,131072,16/04/04,
60.30.0.0,60.30.255.255,65536,16/04/04,
60.31.0.0,60.31.255.255,65536,20/04/04,
60.55.0.0,60.55.255.255,65536,02/08/04,
60.63.0.0,60.63.255.255,65536,03/08/04,
60.160.0.0,60.161.255.255,131072,21/06/04,
60.162.0.0,60.163.255.255,131072,25/06/04,
60.164.0.0,60.165.255.255,131072,12/08/04,
60.166.0.0,60.167.255.255,131072,21/07/04,
60.168.0.0,60.175.255.255,524288,21/07/04,
60.176.0.0,60.191.255.255,1048576,25/06/04,
60.194.0.0,60.195.255.255,131072,12/07/04,
60.200.0.0,60.203.255.255,262144,21/07/04,
60.204.0.0,60.204.255.255,65536,21/07/04,
60.205.0.0,60.205.255.255,65536,19/09/06,
60.206.0.0,60.207.255.255,131072,07/09/06,
60.208.0.0,60.215.255.255,524288,05/07/04,
60.216.0.0,60.217.255.255,131072,05/07/04,
60.218.0.0,60.219.255.255,131072,31/12/04,
60.220.0.0,60.223.255.255,262144,16/07/04,
60.232.0.0,60.233.255.255,131072,03/08/04,
60.235.0.0,60.235.255.255,65536,20/09/06,
60.245.128.0,60.245.255.255,32768,06/09/06,
60.247.0.0,60.247.255.255,65536,25/09/06,
60.252.0.0,60.252.255.255,65536,29/09/06,
60.253.128.0,60.253.255.255,32768,11/09/06,
60.255.0.0,60.255.255.255,65536,25/08/04,
61.4.176.0,61.4.191.255,4096,29/01/07,
61.8.160.0,61.8.175.255,4096,07/08/06,
61.28.0.0,61.28.15.255,4096,28/03/01,
61.28.16.0,61.28.31.255,4096,02/10/01,
61.28.32.0,61.28.63.255,8192,25/01/02,
61.28.64.0,61.28.127.255,16384,03/07/03,
61.29.128.0,61.29.191.255,16384,10/12/04,
61.29.192.0,61.29.223.255,8192,10/12/04,
61.29.224.0,61.29.239.255,4096,10/12/04,
61.29.240.0,61.29.255.255,4096,10/12/04,
61.45.128.0,61.45.191.255,16384,31/01/05,
61.45.224.0,61.45.239.255,4096,12/04/11,
61.47.128.0,61.47.191.255,16384,04/03/05,
61.48.0.0,61.51.255.255,262144,28/06/01,
61.52.0.0,61.53.255.255,131072,28/06/01,
61.54.0.0,61.54.255.255,65536,28/06/01,
61.55.0.0,61.55.255.255,65536,28/06/01,
61.87.192.0,61.87.255.255,16384,23/08/06,
61.128.0.0,61.129.255.255,131072,27/05/99,
61.130.0.0,61.131.255.255,131072,24/06/99,
61.132.0.0,61.132.255.255,65536,24/06/99,
61.133.0.0,61.133.127.255,32768,24/06/99,
61.133.128.0,61.133.255.255,32768,24/06/99,
61.134.0.0,61.134.63.255,16384,24/06/99,
61.134.64.0,61.134.95.255,8192,24/06/99,
61.134.96.0,61.134.127.255,8192,24/06/99,
61.134.128.0,61.134.191.255,16384,24/06/99,
61.134.192.0,61.134.255.255,16384,24/06/99,
61.135.0.0,61.135.255.255,65536,24/06/99,
61.136.0.0,61.136.63.255,16384,24/06/99,
61.136.64.0,61.136.127.255,16384,24/06/99,
61.136.128.0,61.136.255.255,32768,24/06/99,
61.137.0.0,61.137.127.255,32768,24/06/99,
61.137.128.0,61.137.255.255,32768,24/06/99,
61.138.0.0,61.138.63.255,16384,24/06/99,
61.138.64.0,61.138.127.255,16384,24/06/99,
61.138.128.0,61.138.191.255,16384,24/06/99,
61.138.192.0,61.138.255.255,16384,24/06/99,
61.139.0.0,61.139.127.255,32768,24/06/99,
61.139.128.0,61.139.191.255,16384,24/06/99,
61.139.192.0,61.139.255.255,16384,24/06/99,
61.140.0.0,61.143.255.255,262144,24/06/99,
61.144.0.0,61.147.255.255,262144,14/03/00,
61.148.0.0,61.149.255.255,131072,14/03/00,
61.150.0.0,61.151.255.255,131072,14/03/00,
61.152.0.0,61.152.255.255,65536,14/03/00,
61.153.0.0,61.153.255.255,65536,14/03/00,
61.154.0.0,61.155.255.255,131072,14/03/00,
61.156.0.0,61.156.255.255,65536,14/03/00,
61.157.0.0,61.157.255.255,65536,14/03/00,
61.158.0.0,61.158.127.255,32768,14/03/00,
61.158.128.0,61.158.255.255,32768,14/03/00,
61.159.0.0,61.159.63.255,16384,14/03/00,
61.159.64.0,61.159.127.255,16384,14/03/00,
61.159.128.0,61.159.255.255,32768,14/03/00,
61.160.0.0,61.160.255.255,65536,11/10/00,
61.161.0.0,61.161.63.255,16384,11/10/00,
61.161.64.0,61.161.127.255,16384,11/10/00,
61.161.128.0,61.161.255.255,32768,11/10/00,
61.162.0.0,61.162.255.255,65536,11/10/00,
61.163.0.0,61.163.255.255,65536,11/10/00,
61.164.0.0,61.164.255.255,65536,11/10/00,
61.165.0.0,61.165.255.255,65536,11/10/00,
61.166.0.0,61.166.255.255,65536,11/10/00,
61.167.0.0,61.167.255.255,65536,11/10/00,
61.168.0.0,61.168.255.255,65536,16/11/00,
61.169.0.0,61.169.255.255,65536,16/11/00,
61.170.0.0,61.171.255.255,131072,16/11/00,
61.172.0.0,61.175.255.255,262144,16/11/00,
61.176.0.0,61.176.255.255,65536,16/11/00,
61.177.0.0,61.177.255.255,65536,16/11/00,
61.178.0.0,61.178.255.255,65536,16/11/00,
61.179.0.0,61.179.255.255,65536,16/11/00,
61.180.0.0,61.180.127.255,32768,16/11/00,
61.180.128.0,61.180.255.255,32768,16/11/00,
61.181.0.0,61.181.255.255,65536,16/11/00,
61.182.0.0,61.182.255.255,65536,16/11/00,
61.183.0.0,61.183.255.255,65536,16/11/00,
61.184.0.0,61.187.255.255,262144,16/11/00,
61.188.0.0,61.188.255.255,65536,16/11/00,
61.189.0.0,61.189.127.255,32768,16/11/00,
61.189.128.0,61.189.255.255,32768,16/11/00,
61.190.0.0,61.191.255.255,131072,16/11/00,
61.232.0.0,61.235.255.255,262144,19/01/01,
61.236.0.0,61.237.255.255,131072,19/01/01,
61.240.0.0,61.243.255.255,262144,17/08/01,
101.4.0.0,101.7.255.255,262144,09/12/10,
101.16.0.0,101.31.255.255,1048576,10/12/10,
101.32.0.0,101.35.255.255,262144,14/12/10,
101.36.0.0,101.36.255.255,65536,14/12/10,
101.37.0.0,101.37.255.255,65536,14/12/10,
101.38.0.0,101.39.255.255,131072,14/12/10,
101.40.0.0,101.47.255.255,524288,14/12/10,
101.48.0.0,101.49.255.255,131072,10/12/10,
101.52.0.0,101.52.255.255,65536,16/12/10,
101.54.0.0,101.54.255.255,65536,16/12/10,
101.64.0.0,101.71.255.255,524288,09/12/10,
101.72.0.0,101.75.255.255,262144,10/12/10,
101.76.0.0,101.77.255.255,131072,10/12/10,
101.78.32.0,101.78.63.255,8192,11/03/11,
101.80.0.0,101.95.255.255,1048576,03/01/11,
101.96.16.0,101.96.31.255,4096,12/04/11,
101.96.128.0,101.96.255.255,32768,25/02/11,
101.99.96.0,101.99.127.255,8192,12/04/11,
101.101.64.0,101.101.95.255,8192,12/04/11,
101.101.112.0,101.101.127.255,4096,12/04/11,
101.102.64.0,101.102.95.255,8192,12/04/11,
101.102.112.0,101.102.127.255,4096,12/04/11,
101.104.0.0,101.107.255.255,262144,10/12/10,
101.110.64.0,101.110.95.255,8192,12/04/11,
101.110.96.0,101.110.111.255,4096,12/04/11,
101.120.0.0,101.123.255.255,262144,13/12/10,
101.124.0.0,101.125.255.255,131072,15/12/10,
101.126.0.0,101.126.255.255,65536,24/12/10,
101.128.16.0,101.128.31.255,4096,12/04/11,
101.128.32.0,101.128.63.255,8192,12/04/11,
101.129.0.0,101.129.255.255,65536,29/12/10,
101.130.0.0,101.131.255.255,131072,15/12/10,
101.132.0.0,101.135.255.255,262144,16/12/10,
101.144.0.0,101.159.255.255,1048576,11/01/11,
101.192.0.0,101.195.255.255,262144,24/12/10,
101.196.0.0,101.199.255.255,262144,04/01/11,
101.200.0.0,101.201.255.255,131072,24/01/11,
101.203.128.0,101.203.159.255,8192,12/04/11,
101.203.176.0,101.203.191.255,4096,12/04/11,
101.204.0.0,101.207.255.255,262144,20/12/10,
101.224.0.0,101.231.255.255,524288,03/01/11,
101.232.0.0,101.233.255.255,131072,25/01/11,
101.234.80.0,101.234.95.255,4096,12/04/11,
101.234.96.0,101.234.127.255,8192,12/04/11,
101.236.0.0,101.239.255.255,262144,20/12/10,
101.240.0.0,101.243.255.255,262144,07/01/11,
101.244.0.0,101.247.255.255,262144,10/01/11,
101.248.0.0,101.249.255.255,131072,28/01/11,
101.251.16.0,101.251.31.255,4096,12/04/11,
101.251.32.0,101.251.63.255,8192,12/04/11,
101.251.64.0,101.251.127.255,16384,10/03/11,
101.251.128.0,101.251.255.255,32768,09/03/11,
101.252.0.0,101.253.255.255,131072,31/01/11,
101.254.0.0,101.254.255.255,65536,24/01/11,
106.0.16.0,106.0.31.255,4096,12/04/11,
106.0.64.0,106.0.127.255,16384,12/04/11,
106.2.0.0,106.3.255.255,131072,21/03/11,
106.4.0.0,106.7.255.255,262144,21/03/11,
106.8.0.0,106.9.255.255,131072,21/03/11,
106.11.0.0,106.11.255.255,65536,24/03/11,
106.12.0.0,106.15.255.255,262144,22/03/11,
106.16.0.0,106.31.255.255,1048576,18/03/11,
106.32.0.0,106.47.255.255,1048576,18/03/11,
106.48.0.0,106.49.255.255,131072,22/03/11,
106.50.0.0,106.50.255.255,65536,31/03/11,
106.52.0.0,106.55.255.255,262144,06/04/11,
106.56.0.0,106.63.255.255,524288,17/03/11,
106.74.0.0,106.74.255.255,65536,23/03/11,
106.75.0.0,106.75.255.255,65536,23/03/11,
106.80.0.0,106.95.255.255,1048576,18/03/11,
106.108.0.0,106.111.255.255,262144,12/04/11,
106.112.0.0,106.119.255.255,524288,21/03/11,
106.120.0.0,106.127.255.255,524288,12/04/11,
106.224.0.0,106.239.255.255,1048576,21/03/11,
110.6.0.0,110.7.255.255,131072,23/02/09,
110.16.0.0,110.19.255.255,262144,23/02/09,
110.40.0.0,110.43.255.255,262144,04/03/09,
110.44.144.0,110.44.159.255,4096,11/03/11,
110.48.0.0,110.48.255.255,65536,16/03/09,
110.51.0.0,110.51.255.255,65536,19/03/09,
110.52.0.0,110.53.255.255,131072,18/03/09,
110.56.0.0,110.63.255.255,524288,17/03/09,
110.64.0.0,110.65.255.255,131072,24/03/09,
110.72.0.0,110.73.255.255,131072,27/03/09,
110.75.0.0,110.75.127.255,32768,31/03/09,
110.75.128.0,110.75.159.255,8192,31/03/09,
110.75.160.0,110.75.191.255,8192,31/03/09,
110.75.192.0,110.75.255.255,16384,31/03/09,
110.76.0.0,110.76.31.255,8192,31/03/09,
110.76.32.0,110.76.63.255,8192,31/03/09,
110.76.192.0,110.76.255.255,16384,03/04/09,
110.77.0.0,110.77.127.255,32768,03/04/09,
110.80.0.0,110.87.255.255,524288,02/04/09,
110.88.0.0,110.91.255.255,262144,02/04/09,
110.93.32.0,110.93.63.255,8192,12/04/11,
110.94.0.0,110.95.255.255,131072,15/04/09,
110.96.0.0,110.127.255.255,2097152,08/04/09,
110.152.0.0,110.155.255.255,262144,21/04/09,
110.156.0.0,110.157.255.255,131072,21/04/09,
110.165.32.0,110.165.63.255,8192,15/06/10,
110.166.0.0,110.167.255.255,131072,27/04/09,
110.172.192.0,110.172.255.255,16384,01/05/09,
110.173.0.0,110.173.31.255,8192,01/05/09,
110.173.32.0,110.173.47.255,4096,01/05/09,
110.173.64.0,110.173.95.255,8192,12/04/11,
110.173.96.0,110.173.127.255,8192,05/05/09,
110.173.192.0,110.173.223.255,8192,08/05/09,
110.176.0.0,110.183.255.255,524288,27/04/09,
110.184.0.0,110.191.255.255,524288,11/05/09,
110.192.0.0,110.223.255.255,2097152,30/04/09,
110.228.0.0,110.231.255.255,262144,12/05/09,
110.232.32.0,110.232.63.255,8192,14/05/09,
110.236.0.0,110.237.255.255,131072,15/05/09,
110.240.0.0,110.255.255.255,1048576,12/05/09,
111.0.0.0,111.63.255.255,4194304,06/05/09,
111.66.0.0,111.66.255.255,65536,27/05/09,
111.67.192.0,111.67.207.255,4096,04/06/09,
111.68.64.0,111.68.95.255,8192,10/06/09,
111.72.0.0,111.79.255.255,524288,28/05/09,
111.85.0.0,111.85.255.255,65536,11/06/09,
111.91.192.0,111.91.223.255,8192,23/06/09,
111.112.0.0,111.113.255.255,131072,24/06/09,
111.114.0.0,111.115.255.255,131072,25/06/09,
111.116.0.0,111.117.255.255,131072,25/06/09,
111.119.64.0,111.119.127.255,16384,03/07/09,
111.119.128.0,111.119.159.255,8192,03/07/09,
111.120.0.0,111.123.255.255,262144,02/07/09,
111.124.0.0,111.124.255.255,65536,02/07/09,
111.126.0.0,111.127.255.255,131072,08/07/09,
111.128.0.0,111.159.255.255,2097152,07/05/09,
111.160.0.0,111.167.255.255,524288,14/05/09,
111.170.0.0,111.170.255.255,65536,22/05/09,
111.172.0.0,111.175.255.255,262144,22/05/09,
111.176.0.0,111.183.255.255,524288,22/05/09,
111.186.0.0,111.187.255.255,131072,25/05/09,
111.192.0.0,111.207.255.255,1048576,01/07/09,
111.208.0.0,111.211.255.255,262144,03/07/09,
111.212.0.0,111.215.255.255,262144,07/07/09,
111.221.128.0,111.221.255.255,32768,15/07/09,
111.222.0.0,111.222.255.255,65536,15/07/09,
111.224.0.0,111.227.255.255,262144,23/07/09,
111.228.0.0,111.231.255.255,262144,28/07/09,
111.235.96.0,111.235.127.255,8192,14/08/09,
111.235.160.0,111.235.191.255,8192,18/08/09,
112.0.0.0,112.63.255.255,4194304,15/12/08,
112.64.0.0,112.65.255.255,131072,22/12/08,
112.66.0.0,112.67.255.255,131072,23/12/08,
112.73.0.0,112.73.255.255,65536,24/12/08,
112.74.0.0,112.75.255.255,131072,24/12/08,
112.80.0.0,112.87.255.255,524288,31/12/08,
112.88.0.0,112.95.255.255,524288,12/01/09,
112.96.0.0,112.97.255.255,131072,12/01/09,
112.98.0.0,112.99.255.255,131072,12/01/09,
112.100.0.0,112.103.255.255,262144,12/01/09,
112.109.128.0,112.109.255.255,32768,19/01/09,
112.111.0.0,112.111.255.255,65536,19/01/09,
112.112.0.0,112.115.255.255,262144,21/01/09,
112.116.0.0,112.117.255.255,131072,21/01/09,
112.122.0.0,112.123.255.255,131072,28/01/09,
112.124.0.0,112.127.255.255,262144,22/01/09,
112.128.0.0,112.131.255.255,262144,22/01/09,
112.132.0.0,112.132.255.255,65536,28/01/09,
112.192.0.0,112.195.255.255,262144,10/02/09,
112.224.0.0,112.255.255.255,2097152,11/02/09,
113.0.0.0,113.7.255.255,524288,16/09/08,
113.8.0.0,113.9.255.255,131072,16/09/08,
113.11.192.0,113.11.223.255,8192,29/09/08,
113.12.0.0,113.15.255.255,262144,18/09/08,
113.16.0.0,113.17.255.255,131072,18/09/08,
113.18.0.0,113.18.255.255,65536,29/09/08,
113.24.0.0,113.27.255.255,262144,13/10/08,
113.31.0.0,113.31.255.255,65536,17/10/08,
113.44.0.0,113.47.255.255,262144,15/10/08,
113.48.0.0,113.51.255.255,262144,16/10/08,
113.52.160.0,113.52.191.255,8192,23/10/08,
113.54.0.0,113.55.255.255,131072,22/10/08,
113.56.0.0,113.57.255.255,131072,24/10/08,
113.58.0.0,113.58.255.255,65536,27/10/08,
113.59.0.0,113.59.127.255,32768,27/10/08,
113.62.0.0,113.63.255.255,131072,31/10/08,
113.64.0.0,113.95.255.255,2097152,03/11/08,
113.96.0.0,113.111.255.255,1048576,03/11/08,
113.112.0.0,113.119.255.255,524288,03/11/08,
113.120.0.0,113.127.255.255,524288,03/11/08,
113.128.0.0,113.129.255.255,131072,03/11/08,
113.130.96.0,113.130.111.255,4096,14/11/08,
113.132.0.0,113.135.255.255,262144,06/11/08,
113.136.0.0,113.143.255.255,524288,06/11/08,
113.194.0.0,113.195.255.255,131072,19/11/08,
113.200.0.0,113.201.255.255,131072,26/11/08,
113.202.0.0,113.202.255.255,65536,28/11/08,
113.204.0.0,113.207.255.255,262144,26/11/08,
113.208.96.0,113.208.127.255,8192,05/12/08,
113.208.128.0,113.208.255.255,32768,05/12/08,
113.209.0.0,113.209.255.255,65536,04/12/08,
113.212.0.0,113.212.63.255,16384,05/12/08,
113.213.0.0,113.213.127.255,32768,17/12/08,
113.214.0.0,113.215.255.255,131072,08/12/08,
113.218.0.0,113.219.255.255,131072,16/12/08,
113.220.0.0,113.223.255.255,262144,16/12/08,
113.224.0.0,113.239.255.255,1048576,08/12/08,
113.240.0.0,113.247.255.255,524288,16/12/08,
113.248.0.0,113.251.255.255,262144,16/12/08,
114.28.0.0,114.28.255.255,65536,18/04/08,
114.54.0.0,114.55.255.255,131072,09/05/08,
114.60.0.0,114.63.255.255,262144,06/05/08,
114.64.0.0,114.67.255.255,262144,07/05/08,
114.68.0.0,114.68.255.255,65536,09/05/08,
114.79.64.0,114.79.127.255,16384,12/04/11,
114.80.0.0,114.95.255.255,1048576,14/05/08,
114.96.0.0,114.103.255.255,524288,16/05/08,
114.104.0.0,114.107.255.255,262144,16/05/08,
114.110.0.0,114.110.15.255,4096,22/05/08,
114.110.64.0,114.110.127.255,16384,23/05/08,
114.111.0.0,114.111.31.255,8192,23/05/08,
114.111.160.0,114.111.191.255,8192,27/05/08,
114.112.0.0,114.115.255.255,262144,20/05/08,
114.116.0.0,114.117.255.255,131072,22/05/08,
114.118.0.0,114.118.255.255,65536,23/05/08,
114.119.0.0,114.119.127.255,32768,23/05/08,
114.119.128.0,114.119.191.255,16384,23/05/08,
114.119.208.0,114.119.223.255,4096,23/05/08,
114.119.224.0,114.119.255.255,8192,23/05/08,
114.132.0.0,114.132.255.255,65536,29/05/08,
114.135.0.0,114.135.255.255,65536,12/06/08,
114.138.0.0,114.139.255.255,131072,12/06/08,
114.141.128.0,114.141.191.255,16384,18/06/08,
114.196.0.0,114.197.255.255,131072,19/06/08,
114.208.0.0,114.211.255.255,262144,20/06/08,
114.212.0.0,114.213.255.255,131072,04/07/08,
114.214.0.0,114.214.255.255,65536,04/07/08,
114.215.0.0,114.215.255.255,65536,04/07/08,
114.216.0.0,114.223.255.255,524288,24/06/08,
114.224.0.0,114.239.255.255,1048576,24/06/08,
114.240.0.0,114.255.255.255,1048576,24/06/08,
115.24.0.0,115.27.255.255,262144,04/07/08,
115.28.0.0,115.29.255.255,131072,04/07/08,
115.32.0.0,115.35.255.255,262144,04/07/08,
115.44.0.0,115.45.255.255,131072,10/07/08,
115.46.0.0,115.46.255.255,65536,11/07/08,
115.47.0.0,115.47.255.255,65536,11/07/08,
115.48.0.0,115.63.255.255,1048576,07/07/08,
115.69.64.0,115.69.79.255,4096,12/04/11,
115.84.0.0,115.84.63.255,16384,23/07/08,
115.84.192.0,115.84.223.255,8192,25/07/08,
115.85.192.0,115.85.255.255,16384,01/08/08,
115.100.0.0,115.103.255.255,262144,25/07/08,
115.104.0.0,115.107.255.255,262144,28/07/08,
115.120.0.0,115.123.255.255,262144,01/08/08,
115.124.16.0,115.124.31.255,4096,07/08/08,
115.148.0.0,115.151.255.255,262144,15/08/08,
115.152.0.0,115.153.255.255,131072,15/08/08,
115.154.0.0,115.155.255.255,131072,15/08/08,
115.156.0.0,115.157.255.255,131072,15/08/08,
115.158.0.0,115.158.255.255,65536,15/08/08,
115.159.0.0,115.159.255.255,65536,19/08/08,
115.166.64.0,115.166.95.255,8192,12/04/11,
115.168.0.0,115.171.255.255,262144,25/08/08,
115.172.0.0,115.175.255.255,262144,27/08/08,
115.180.0.0,115.183.255.255,262144,04/09/08,
115.190.0.0,115.191.255.255,131072,24/12/10,
115.192.0.0,115.223.255.255,2097152,03/09/08,
115.224.0.0,115.239.255.255,1048576,03/09/08,
116.1.0.0,116.1.255.255,65536,22/03/07,
116.2.0.0,116.3.255.255,131072,05/03/07,
116.4.0.0,116.7.255.255,262144,07/03/07,
116.8.0.0,116.11.255.255,262144,22/03/07,
116.13.0.0,116.13.255.255,65536,28/03/07,
116.16.0.0,116.31.255.255,1048576,07/03/07,
116.50.0.0,116.50.15.255,4096,12/04/11,
116.52.0.0,116.55.255.255,262144,20/03/07,
116.56.0.0,116.57.255.255,131072,28/03/07,
116.58.128.0,116.58.143.255,4096,02/04/07,
116.58.208.0,116.58.223.255,4096,05/04/07,
116.60.0.0,116.63.255.255,262144,29/03/07,
116.66.0.0,116.66.127.255,32768,30/04/07,
116.69.0.0,116.69.255.255,65536,10/05/07,
116.70.0.0,116.70.127.255,32768,10/05/07,
116.76.0.0,116.77.255.255,131072,11/05/07,
116.78.0.0,116.79.255.255,131072,16/05/07,
116.85.0.0,116.85.255.255,65536,10/01/11,
116.89.144.0,116.89.159.255,4096,22/05/07,
116.90.80.0,116.90.95.255,4096,30/07/08,
116.95.0.0,116.95.255.255,65536,23/05/07,
116.112.0.0,116.115.255.255,262144,23/05/07,
116.116.0.0,116.117.255.255,131072,23/05/07,
116.128.0.0,116.191.255.255,4194304,11/05/07,
116.192.0.0,116.192.255.255,65536,04/04/07,
116.193.16.0,116.193.31.255,4096,06/04/07,
116.193.32.0,116.193.63.255,8192,10/04/07,
116.194.0.0,116.195.255.255,131072,10/04/07,
116.196.0.0,116.196.255.255,65536,10/04/07,
116.198.0.0,116.198.255.255,65536,16/04/07,
116.199.0.0,116.199.127.255,32768,17/04/07,
116.199.128.0,116.199.159.255,8192,20/04/07,
116.204.0.0,116.205.255.255,131072,18/04/07,
116.207.0.0,116.207.255.255,65536,20/04/07,
116.208.0.0,116.211.255.255,262144,20/04/07,
116.212.160.0,116.212.175.255,4096,26/04/07,
116.213.64.0,116.213.127.255,16384,27/04/07,
116.213.128.0,116.213.255.255,32768,27/04/07,
116.214.32.0,116.214.63.255,8192,30/04/07,
116.214.64.0,116.214.79.255,4096,30/04/07,
116.214.128.0,116.214.255.255,32768,30/04/07,
116.215.0.0,116.215.255.255,65536,30/04/07,
116.216.0.0,116.219.255.255,262144,24/04/07,
116.224.0.0,116.239.255.255,1048576,04/04/07,
116.242.0.0,116.243.255.255,131072,02/04/07,
116.244.0.0,116.245.255.255,131072,03/04/07,
116.246.0.0,116.247.255.255,131072,04/04/07,
116.248.0.0,116.249.255.255,131072,20/03/07,
116.251.64.0,116.251.127.255,16384,21/01/11,
116.252.0.0,116.253.255.255,131072,22/03/07,
116.254.128.0,116.254.255.255,32768,26/03/07,
116.255.128.0,116.255.255.255,32768,05/04/07,
117.8.0.0,117.15.255.255,524288,25/05/07,
117.21.0.0,117.21.255.255,65536,15/06/07,
117.22.0.0,117.23.255.255,131072,15/06/07,
117.24.0.0,117.31.255.255,524288,07/06/07,
117.32.0.0,117.39.255.255,524288,15/06/07,
117.40.0.0,117.43.255.255,262144,15/06/07,
117.44.0.0,117.45.255.255,131072,15/06/07,
117.48.0.0,117.51.255.255,262144,20/06/07,
117.53.48.0,117.53.63.255,4096,25/06/07,
117.53.176.0,117.53.191.255,4096,02/07/07,
117.57.0.0,117.57.255.255,65536,03/07/07,
117.58.0.0,117.58.127.255,32768,03/07/07,
117.59.0.0,117.59.255.255,65536,06/07/07,
117.60.0.0,117.63.255.255,262144,04/07/07,
117.64.0.0,117.71.255.255,524288,03/07/07,
117.72.0.0,117.73.255.255,131072,04/07/07,
117.74.64.0,117.74.79.255,4096,09/07/07,
117.74.80.0,117.74.95.255,4096,12/04/11,
117.74.128.0,117.74.255.255,32768,06/07/07,
117.75.0.0,117.75.255.255,65536,09/07/07,
117.76.0.0,117.79.255.255,262144,06/07/07,
117.80.0.0,117.95.255.255,1048576,04/07/07,
117.100.0.0,117.101.255.255,131072,09/07/07,
117.103.16.0,117.103.31.255,4096,16/07/07,
117.103.128.0,117.103.143.255,4096,20/07/07,
117.106.0.0,117.107.255.255,131072,25/07/07,
117.112.0.0,117.119.255.255,524288,25/07/07,
117.120.64.0,117.120.127.255,16384,08/08/07,
117.120.128.0,117.120.255.255,32768,02/08/07,
117.121.0.0,117.121.127.255,32768,06/08/07,
117.121.128.0,117.121.191.255,16384,06/08/07,
117.122.128.0,117.122.255.255,32768,08/08/07,
117.124.0.0,117.127.255.255,262144,07/08/07,
117.128.0.0,117.191.255.255,4194304,17/07/07,
118.24.0.0,118.25.255.255,131072,03/08/07,
118.26.0.0,118.26.255.255,65536,03/08/07,
118.28.0.0,118.29.255.255,131072,03/08/07,
118.30.0.0,118.30.255.255,65536,03/08/07,
118.31.0.0,118.31.255.255,65536,03/08/07,
118.64.0.0,118.65.255.255,131072,08/08/07,
118.66.0.0,118.66.255.255,65536,08/08/07,
118.67.112.0,118.67.127.255,4096,16/08/07,
118.72.0.0,118.79.255.255,524288,10/08/07,
118.80.0.0,118.81.255.255,131072,10/08/07,
118.84.0.0,118.85.255.255,131072,20/08/07,
118.88.32.0,118.88.63.255,8192,23/08/07,
118.88.64.0,118.88.127.255,16384,24/08/07,
118.88.128.0,118.88.255.255,32768,24/08/07,
118.89.0.0,118.89.255.255,65536,23/08/07,
118.91.240.0,118.91.255.255,4096,29/08/07,
118.102.16.0,118.102.31.255,4096,03/09/07,
118.112.0.0,118.119.255.255,524288,12/09/07,
118.120.0.0,118.123.255.255,262144,12/09/07,
118.124.0.0,118.125.255.255,131072,12/09/07,
118.126.0.0,118.126.255.255,65536,14/09/07,
118.127.128.0,118.127.159.255,8192,12/04/11,
118.132.0.0,118.135.255.255,262144,14/09/07,
118.144.0.0,118.147.255.255,262144,20/09/07,
118.178.0.0,118.178.255.255,65536,18/10/07,
118.180.0.0,118.183.255.255,262144,17/10/07,
118.184.0.0,118.184.127.255,32768,19/10/07,
118.184.128.0,118.184.255.255,32768,19/10/07,
118.186.0.0,118.187.255.255,131072,19/10/07,
118.188.0.0,118.188.255.255,65536,19/10/07,
118.190.0.0,118.190.255.255,65536,19/10/07,
118.191.0.0,118.191.255.255,65536,19/10/07,
118.192.0.0,118.193.255.255,131072,19/10/07,
118.194.0.0,118.194.127.255,32768,19/10/07,
118.194.128.0,118.194.255.255,32768,19/10/07,
118.195.0.0,118.195.127.255,32768,19/10/07,
118.195.128.0,118.195.255.255,32768,19/10/07,
118.196.0.0,118.199.255.255,262144,22/10/07,
118.202.0.0,118.203.255.255,131072,24/10/07,
118.204.0.0,118.207.255.255,262144,22/10/07,
118.212.0.0,118.212.255.255,65536,29/10/07,
118.213.0.0,118.213.255.255,65536,29/10/07,
118.224.0.0,118.227.255.255,262144,30/10/07,
118.228.0.0,118.229.255.255,131072,31/10/07,
118.230.0.0,118.230.255.255,65536,31/10/07,
118.239.0.0,118.239.255.255,65536,12/11/07,
118.242.0.0,118.242.255.255,65536,14/11/07,
118.244.0.0,118.247.255.255,262144,06/11/07,
118.248.0.0,118.255.255.255,524288,12/11/07,
119.0.0.0,119.1.255.255,131072,16/11/07,
119.2.0.0,119.2.31.255,8192,22/11/07,
119.2.128.0,119.2.255.255,32768,23/11/07,
119.3.0.0,119.3.255.255,65536,26/11/07,
119.4.0.0,119.7.255.255,262144,23/11/07,
119.8.0.0,119.8.255.255,65536,23/11/07,
119.10.0.0,119.10.127.255,32768,26/11/07,
119.16.0.0,119.16.255.255,65536,29/11/07,
119.18.192.0,119.18.207.255,4096,11/12/07,
119.18.224.0,119.18.239.255,4096,14/12/07,
119.18.240.0,119.18.255.255,4096,14/12/07,
119.19.0.0,119.19.255.255,65536,10/12/07,
119.20.0.0,119.23.255.255,262144,03/12/07,
119.27.64.0,119.27.127.255,16384,14/12/07,
119.27.128.0,119.27.159.255,8192,12/04/11,
119.27.160.0,119.27.191.255,8192,17/12/07,
119.27.192.0,119.27.255.255,16384,17/12/07,
119.28.0.0,119.29.255.255,131072,12/12/07,
119.30.48.0,119.30.63.255,4096,19/12/07,
119.31.192.0,119.31.223.255,8192,21/12/07,
119.32.0.0,119.35.255.255,262144,19/12/07,
119.36.0.0,119.36.255.255,65536,20/12/07,
119.37.0.0,119.37.127.255,32768,27/12/07,
119.37.128.0,119.37.191.255,16384,27/12/07,
119.37.192.0,119.37.255.255,16384,27/12/07,
119.38.0.0,119.38.127.255,32768,27/12/07,
119.38.128.0,119.38.191.255,16384,27/12/07,
119.38.192.0,119.38.207.255,4096,31/12/07,
119.38.208.0,119.38.223.255,4096,31/12/07,
119.38.224.0,119.38.255.255,8192,31/12/07,
119.39.0.0,119.39.255.255,65536,27/12/07,
119.40.0.0,119.40.63.255,16384,31/12/07,
119.40.64.0,119.40.79.255,4096,31/12/07,
119.40.128.0,119.40.255.255,32768,03/01/08,
119.41.0.0,119.41.255.255,65536,02/01/08,
119.42.0.0,119.42.31.255,8192,03/01/08,
119.42.224.0,119.42.255.255,8192,09/01/08,
119.44.0.0,119.45.255.255,131072,03/01/08,
119.48.0.0,119.55.255.255,524288,03/01/08,
119.57.0.0,119.57.255.255,65536,11/01/08,
119.58.0.0,119.58.255.255,65536,11/01/08,
119.59.128.0,119.59.255.255,32768,18/01/08,
119.60.0.0,119.60.255.255,65536,16/01/08,
119.61.0.0,119.61.255.255,65536,16/01/08,
119.62.0.0,119.62.255.255,65536,18/01/08,
119.63.32.0,119.63.63.255,8192,21/01/08,
119.75.208.0,119.75.223.255,4096,24/01/08,
119.78.0.0,119.79.255.255,131072,22/01/08,
119.80.0.0,119.80.255.255,65536,24/01/08,
119.82.208.0,119.82.223.255,4096,12/04/11,
119.84.0.0,119.87.255.255,262144,29/01/08,
119.88.0.0,119.91.255.255,262144,29/01/08,
119.96.0.0,119.103.255.255,524288,31/01/08,
119.108.0.0,119.109.255.255,131072,05/02/08,
119.112.0.0,119.119.255.255,524288,05/02/08,
119.120.0.0,119.127.255.255,524288,07/02/08,
119.128.0.0,119.143.255.255,1048576,07/02/08,
119.144.0.0,119.147.255.255,262144,07/02/08,
119.148.160.0,119.148.175.255,4096,21/02/08,
119.148.176.0,119.148.191.255,4096,12/04/11,
119.151.192.0,119.151.255.255,16384,12/04/11,
119.161.128.0,119.161.255.255,32768,26/02/08,
119.162.0.0,119.163.255.255,131072,25/02/08,
119.164.0.0,119.167.255.255,262144,25/02/08,
119.176.0.0,119.191.255.255,1048576,25/02/08,
119.232.0.0,119.233.255.255,131072,29/02/08,
119.235.128.0,119.235.191.255,16384,06/03/08,
119.248.0.0,119.251.255.255,262144,05/03/08,
119.252.240.0,119.252.255.255,4096,02/03/11,
119.253.0.0,119.253.255.255,65536,13/03/08,
119.254.0.0,119.255.255.255,131072,13/03/08,
120.0.0.0,120.15.255.255,1048576,05/03/08,
120.24.0.0,120.27.255.255,262144,12/03/08,
120.30.0.0,120.30.255.255,65536,18/03/08,
120.31.0.0,120.31.255.255,65536,19/03/08,
120.32.0.0,120.39.255.255,524288,19/03/08,
120.40.0.0,120.43.255.255,262144,19/03/08,
120.44.0.0,120.47.255.255,262144,19/03/08,
120.48.0.0,120.49.255.255,131072,19/03/08,
120.52.0.0,120.52.255.255,65536,19/03/08,
120.53.0.0,120.53.255.255,65536,19/03/08,
120.54.0.0,120.55.255.255,131072,19/03/08,
120.64.0.0,120.67.255.255,262144,19/03/08,
120.68.0.0,120.71.255.255,262144,20/03/08,
120.72.32.0,120.72.63.255,8192,26/03/08,
120.72.128.0,120.72.255.255,32768,26/03/08,
120.76.0.0,120.79.255.255,262144,27/03/08,
120.80.0.0,120.87.255.255,524288,25/03/08,
120.90.0.0,120.91.255.255,131072,28/03/08,
120.92.0.0,120.92.255.255,65536,01/04/08,
120.94.0.0,120.94.255.255,65536,01/04/08,
120.95.0.0,120.95.255.255,65536,02/04/08,
120.128.0.0,120.131.255.255,262144,03/04/08,
120.132.0.0,120.132.127.255,32768,04/04/08,
120.132.128.0,120.132.255.255,32768,04/04/08,
120.133.0.0,120.133.255.255,65536,04/04/08,
120.134.0.0,120.135.255.255,131072,04/04/08,
120.136.128.0,120.136.191.255,16384,08/04/08,
120.137.0.0,120.137.127.255,32768,09/04/08,
120.143.128.0,120.143.159.255,8192,12/04/11,
120.192.0.0,120.255.255.255,4194304,14/04/08,
121.0.16.0,121.0.31.255,4096,25/09/06,
121.4.0.0,121.5.255.255,131072,16/05/06,
121.8.0.0,121.15.255.255,524288,18/05/06,
121.16.0.0,121.23.255.255,524288,08/05/06,
121.24.0.0,121.27.255.255,262144,08/05/06,
121.28.0.0,121.29.255.255,131072,08/05/06,
121.30.0.0,121.30.255.255,65536,31/05/06,
121.31.0.0,121.31.255.255,65536,09/06/06,
121.32.0.0,121.35.255.255,262144,18/05/06,
121.36.0.0,121.36.255.255,65536,23/05/06,
121.37.0.0,121.37.255.255,65536,26/07/06,
121.38.0.0,121.39.255.255,131072,31/05/06,
121.40.0.0,121.43.255.255,262144,24/05/06,
121.46.0.0,121.46.63.255,16384,02/06/06,
121.46.128.0,121.46.255.255,32768,02/06/06,
121.47.0.0,121.47.255.255,65536,22/06/06,
121.48.0.0,121.49.255.255,131072,02/06/06,
121.51.0.0,121.51.255.255,65536,14/06/06,
121.52.160.0,121.52.191.255,8192,01/11/07,
121.52.208.0,121.52.223.255,4096,07/11/07,
121.52.224.0,121.52.255.255,8192,07/11/07,
121.55.0.0,121.55.63.255,16384,07/07/06,
121.56.0.0,121.57.255.255,131072,25/05/06,
121.58.0.0,121.58.127.255,32768,31/05/06,
121.58.144.0,121.58.159.255,4096,13/11/07,
121.59.0.0,121.59.255.255,65536,18/07/06,
121.60.0.0,121.63.255.255,262144,15/08/06,
121.68.0.0,121.71.255.255,262144,09/06/06,
121.76.0.0,121.77.255.255,131072,16/06/06,
121.79.128.0,121.79.191.255,16384,12/11/07,
121.89.0.0,121.89.255.255,65536,29/06/06,
121.100.128.0,121.100.255.255,32768,03/07/06,
121.101.0.0,121.101.63.255,16384,12/04/11,
121.101.208.0,121.101.223.255,4096,20/11/07,
121.192.0.0,121.192.255.255,65536,11/07/06,
121.193.0.0,121.193.255.255,65536,17/07/06,
121.194.0.0,121.195.255.255,131072,17/07/06,
121.196.0.0,121.199.255.255,262144,18/09/07,
121.201.0.0,121.201.255.255,65536,07/07/06,
121.204.0.0,121.207.255.255,262144,31/08/06,
121.224.0.0,121.239.255.255,1048576,30/06/06,
121.248.0.0,121.251.255.255,262144,18/09/06,
121.255.0.0,121.255.255.255,65536,28/11/06,
122.0.64.0,122.0.127.255,16384,24/07/06,
122.0.128.0,122.0.255.255,32768,07/07/06,
122.4.0.0,122.7.255.255,262144,20/09/06,
122.8.0.0,122.8.255.255,65536,14/08/06,
122.9.0.0,122.9.255.255,65536,14/08/06,
122.10.0.0,122.10.127.255,32768,14/08/06,
122.10.128.0,122.10.255.255,32768,14/08/06,
122.11.0.0,122.11.127.255,32768,14/08/06,
122.12.0.0,122.12.255.255,65536,14/08/06,
122.13.0.0,122.13.255.255,65536,14/08/06,
122.14.0.0,122.14.255.255,65536,14/08/06,
122.48.0.0,122.48.255.255,65536,10/07/06,
122.49.0.0,122.49.63.255,16384,08/09/06,
122.51.0.0,122.51.255.255,65536,19/07/06,
122.64.0.0,122.95.255.255,2097152,03/11/06,
122.96.0.0,122.97.255.255,131072,23/10/06,
122.102.0.0,122.102.15.255,4096,31/10/06,
122.102.64.0,122.102.79.255,4096,02/11/06,
122.102.80.0,122.102.95.255,4096,03/11/06,
122.112.0.0,122.115.255.255,262144,18/09/07,
122.119.0.0,122.119.255.255,65536,12/10/07,
122.136.0.0,122.143.255.255,524288,22/12/06,
122.144.128.0,122.144.255.255,32768,05/01/07,
122.152.192.0,122.152.255.255,16384,17/01/07,
122.156.0.0,122.159.255.255,262144,10/01/07,
122.188.0.0,122.191.255.255,262144,04/01/11,
122.192.0.0,122.195.255.255,262144,23/10/06,
122.198.0.0,122.198.255.255,65536,27/07/06,
122.200.64.0,122.200.127.255,16384,20/09/06,
122.201.48.0,122.201.63.255,4096,21/01/11,
122.204.0.0,122.207.255.255,262144,15/11/06,
122.224.0.0,122.239.255.255,1048576,16/11/06,
122.240.0.0,122.247.255.255,524288,16/11/06,
122.248.48.0,122.248.63.255,4096,06/12/06,
123.0.128.0,123.0.191.255,16384,03/11/06,
123.4.0.0,123.7.255.255,262144,20/11/06,
123.8.0.0,123.15.255.255,524288,20/11/06,
123.49.128.0,123.49.255.255,32768,13/06/06,
123.50.160.0,123.50.191.255,8192,12/04/11,
123.52.0.0,123.55.255.255,262144,27/11/06,
123.56.0.0,123.57.255.255,131072,16/01/07,
123.58.0.0,123.58.255.255,65536,16/01/07,
123.59.0.0,123.59.255.255,65536,16/01/07,
123.60.0.0,123.60.255.255,65536,16/01/07,
123.61.0.0,123.61.255.255,65536,16/01/07,
123.62.0.0,123.62.255.255,65536,16/01/07,
123.64.0.0,123.95.255.255,2097152,03/11/06,
123.96.0.0,123.97.255.255,131072,16/11/06,
123.98.0.0,123.98.127.255,32768,21/11/06,
123.99.128.0,123.99.255.255,32768,16/06/06,
123.100.0.0,123.100.31.255,8192,11/01/07,
123.101.0.0,123.101.255.255,65536,27/11/06,
123.103.0.0,123.103.127.255,32768,06/12/06,
123.108.128.0,123.108.143.255,4096,06/02/07,
123.108.208.0,123.108.223.255,4096,13/02/07,
123.112.0.0,123.127.255.255,1048576,29/01/07,
123.128.0.0,123.135.255.255,524288,15/02/07,
123.136.80.0,123.136.95.255,4096,06/03/07,
123.137.0.0,123.137.255.255,65536,28/02/07,
123.138.0.0,123.139.255.255,131072,28/02/07,
123.144.0.0,123.147.255.255,262144,28/02/07,
123.148.0.0,123.148.255.255,65536,28/02/07,
123.149.0.0,123.149.255.255,65536,28/02/07,
123.150.0.0,123.151.255.255,131072,28/02/07,
123.152.0.0,123.159.255.255,524288,28/02/07,
123.160.0.0,123.163.255.255,262144,28/02/07,
123.164.0.0,123.167.255.255,262144,28/02/07,
123.168.0.0,123.171.255.255,262144,28/02/07,
123.172.0.0,123.173.255.255,131072,28/02/07,
123.174.0.0,123.175.255.255,131072,01/03/07,
123.176.80.0,123.176.95.255,4096,20/03/07,
123.177.0.0,123.177.255.255,65536,01/03/07,
123.178.0.0,123.179.255.255,131072,01/03/07,
123.180.0.0,123.183.255.255,262144,01/03/07,
123.184.0.0,123.187.255.255,262144,01/03/07,
123.188.0.0,123.191.255.255,262144,05/03/07,
123.196.0.0,123.197.255.255,131072,07/12/06,
123.199.128.0,123.199.255.255,32768,16/06/06,
123.206.0.0,123.207.255.255,131072,17/01/07,
123.232.0.0,123.235.255.255,262144,15/02/07,
123.242.0.0,123.242.127.255,32768,12/02/07,
123.244.0.0,123.247.255.255,262144,07/02/07,
123.249.0.0,123.249.255.255,65536,30/01/07,
123.253.0.0,123.253.255.255,65536,24/01/07,
124.6.64.0,124.6.127.255,16384,12/12/05,
124.14.0.0,124.15.255.255,131072,10/01/07,
124.16.0.0,124.17.255.255,131072,24/11/05,
124.20.0.0,124.20.255.255,65536,30/12/05,
124.21.0.0,124.21.15.255,4096,30/12/05,
124.21.16.0,124.21.31.255,4096,01/03/06,
124.21.32.0,124.21.63.255,8192,01/03/06,
124.21.64.0,124.21.127.255,16384,01/03/06,
124.21.128.0,124.21.255.255,32768,01/03/06,
124.22.0.0,124.23.255.255,131072,15/01/07,
124.28.192.0,124.28.255.255,16384,19/09/07,
124.29.0.0,124.29.127.255,32768,03/01/06,
124.31.0.0,124.31.255.255,65536,27/09/07,
124.40.112.0,124.40.127.255,4096,24/09/07,
124.40.128.0,124.40.191.255,16384,06/01/06,
124.40.192.0,124.40.223.255,8192,12/04/11,
124.42.0.0,124.42.127.255,32768,09/01/06,
124.42.128.0,124.42.255.255,32768,18/10/07,
124.47.0.0,124.47.63.255,16384,26/01/06,
124.64.0.0,124.65.255.255,131072,09/01/06,
124.66.0.0,124.66.127.255,32768,20/07/06,
124.67.0.0,124.67.255.255,65536,07/08/06,
124.68.0.0,124.71.255.255,262144,16/08/06,
124.72.0.0,124.72.255.255,65536,23/01/06,
124.73.0.0,124.73.255.255,65536,15/02/06,
124.74.0.0,124.75.255.255,131072,10/02/06,
124.76.0.0,124.79.255.255,262144,10/02/06,
124.88.0.0,124.88.255.255,65536,25/01/06,
124.89.0.0,124.89.127.255,32768,10/02/06,
124.89.128.0,124.89.255.255,32768,14/03/06,
124.90.0.0,124.91.255.255,131072,14/03/06,
124.92.0.0,124.95.255.255,262144,15/02/06,
124.112.0.0,124.113.255.255,131072,15/02/06,
124.114.0.0,124.115.255.255,131072,31/03/06,
124.116.0.0,124.116.255.255,65536,31/03/06,
124.117.0.0,124.117.255.255,65536,06/04/06,
124.118.0.0,124.119.255.255,131072,06/04/06,
124.126.0.0,124.127.255.255,131072,28/02/07,
124.128.0.0,124.135.255.255,524288,24/02/06,
124.147.128.0,124.147.255.255,32768,06/03/06,
124.151.0.0,124.151.255.255,65536,14/08/09,
124.152.0.0,124.152.255.255,65536,05/01/11,
124.156.0.0,124.156.255.255,65536,17/03/06,
124.160.0.0,124.160.255.255,65536,14/03/06,
124.161.0.0,124.161.255.255,65536,27/04/06,
124.162.0.0,124.162.255.255,65536,28/04/06,
124.163.0.0,124.163.255.255,65536,31/05/06,
124.164.0.0,124.167.255.255,262144,31/05/06,
124.172.0.0,124.173.255.255,131072,22/03/06,
124.174.0.0,124.175.255.255,131072,02/10/06,
124.192.0.0,124.193.255.255,131072,31/03/06,
124.196.0.0,124.196.255.255,65536,11/04/06,
124.200.0.0,124.207.255.255,524288,31/03/06,
124.220.0.0,124.223.255.255,262144,25/04/06,
124.224.0.0,124.224.255.255,65536,12/04/06,
124.225.0.0,124.225.255.255,65536,31/05/06,
124.226.0.0,124.227.255.255,131072,26/04/06,
124.228.0.0,124.231.255.255,262144,03/05/06,
124.232.0.0,124.233.255.255,131072,03/05/06,
124.234.0.0,124.235.255.255,131072,04/08/06,
124.236.0.0,124.239.255.255,262144,25/07/06,
124.240.0.0,124.240.127.255,32768,27/04/06,
124.240.128.0,124.240.191.255,16384,06/11/07,
124.242.0.0,124.242.255.255,65536,02/05/06,
124.243.192.0,124.243.255.255,16384,19/05/06,
124.248.0.0,124.248.127.255,32768,12/05/06,
124.249.0.0,124.249.255.255,65536,23/05/06,
124.250.0.0,124.251.255.255,131072,12/05/06,
124.254.0.0,124.254.63.255,16384,13/02/06,
125.31.192.0,125.31.255.255,16384,27/08/05,
125.32.0.0,125.32.255.255,65536,03/08/05,
125.33.0.0,125.33.255.255,65536,09/01/06,
125.34.0.0,125.34.255.255,65536,09/01/06,
125.35.0.0,125.35.127.255,32768,09/01/06,
125.35.128.0,125.35.255.255,32768,30/12/05,
125.36.0.0,125.39.255.255,262144,30/12/05,
125.40.0.0,125.47.255.255,524288,11/10/05,
125.58.128.0,125.58.255.255,32768,29/08/05,
125.61.128.0,125.61.255.255,32768,12/11/07,
125.62.0.0,125.62.63.255,16384,20/09/05,
125.64.0.0,125.71.255.255,524288,22/08/05,
125.72.0.0,125.72.255.255,65536,02/09/05,
125.73.0.0,125.73.255.255,65536,16/09/05,
125.74.0.0,125.75.255.255,131072,02/12/05,
125.76.0.0,125.76.127.255,32768,02/12/05,
125.76.128.0,125.76.255.255,32768,31/03/06,
125.77.0.0,125.77.255.255,65536,23/01/06,
125.78.0.0,125.79.255.255,131072,23/01/06,
125.80.0.0,125.87.255.255,524288,17/08/05,
125.88.0.0,125.95.255.255,524288,16/08/05,
125.96.0.0,125.97.255.255,131072,22/08/05,
125.98.0.0,125.98.255.255,65536,22/08/05,
125.104.0.0,125.111.255.255,524288,26/08/05,
125.112.0.0,125.127.255.255,1048576,26/08/05,
125.169.0.0,125.169.255.255,65536,20/03/07,
125.171.0.0,125.171.255.255,65536,26/09/05,
125.208.0.0,125.208.63.255,16384,28/09/05,
125.210.0.0,125.210.255.255,65536,29/09/05,
125.211.0.0,125.211.255.255,65536,10/01/07,
125.213.0.0,125.213.127.255,32768,14/10/05,
125.214.96.0,125.214.127.255,8192,30/10/07,
125.215.0.0,125.215.63.255,16384,06/12/05,
125.216.0.0,125.217.255.255,131072,13/10/05,
125.218.0.0,125.218.255.255,65536,13/10/05,
125.219.0.0,125.219.255.255,65536,24/02/06,
125.220.0.0,125.221.255.255,131072,24/02/06,
125.222.0.0,125.223.255.255,131072,21/10/05,
125.254.128.0,125.254.191.255,16384,02/11/05,
125.254.192.0,125.254.255.255,16384,10/01/07,
139.9.0.0,139.9.255.255,65536,10/03/11,
139.129.0.0,139.129.255.255,65536,08/03/11,
139.148.0.0,139.148.255.255,65536,09/03/11,
139.155.0.0,139.155.255.255,65536,09/03/11,
139.159.0.0,139.159.255.255,65536,09/03/11,
139.170.0.0,139.170.255.255,65536,09/03/11,
139.176.0.0,139.176.255.255,65536,10/03/11,
139.183.0.0,139.183.255.255,65536,10/03/11,
139.186.0.0,139.186.255.255,65536,10/03/11,
139.189.0.0,139.189.255.255,65536,10/03/11,
139.196.0.0,139.199.255.255,262144,09/03/11,
139.200.0.0,139.207.255.255,524288,04/03/11,
139.208.0.0,139.215.255.255,524288,03/03/11,
139.217.0.0,139.217.255.255,65536,08/03/11,
139.219.0.0,139.219.255.255,65536,08/03/11,
139.220.0.0,139.221.255.255,131072,09/03/11,
139.224.0.0,139.224.255.255,65536,10/03/11,
139.226.0.0,139.227.255.255,131072,09/03/11,
140.75.0.0,140.75.255.255,65536,29/03/11,
140.143.0.0,140.143.255.255,65536,10/03/11,
140.205.0.0,140.205.255.255,65536,11/03/11,
140.206.0.0,140.207.255.255,131072,09/03/11,
140.210.0.0,140.210.255.255,65536,14/03/11,
140.224.0.0,140.224.255.255,65536,29/03/11,
140.237.0.0,140.237.255.255,65536,29/03/11,
140.240.0.0,140.240.255.255,65536,29/03/11,
140.243.0.0,140.243.255.255,65536,29/03/11,
140.246.0.0,140.246.255.255,65536,29/03/11,
140.249.0.0,140.249.255.255,65536,29/03/11,
140.250.0.0,140.250.255.255,65536,29/03/11,
140.255.0.0,140.255.255.255,65536,29/03/11,
144.0.0.0,144.0.255.255,65536,29/03/11,
144.7.0.0,144.7.255.255,65536,29/03/11,
144.12.0.0,144.12.255.255,65536,29/03/11,
144.52.0.0,144.52.255.255,65536,29/03/11,
144.123.0.0,144.123.255.255,65536,29/03/11,
144.255.0.0,144.255.255.255,65536,29/03/11,
150.0.0.0,150.0.255.255,65536,29/03/11,
150.115.0.0,150.115.255.255,65536,29/03/11,
150.121.0.0,150.121.255.255,65536,29/03/11,
150.122.0.0,150.122.255.255,65536,29/03/11,
150.138.0.0,150.139.255.255,131072,29/03/11,
150.223.0.0,150.223.255.255,65536,29/03/11,
150.255.0.0,150.255.255.255,65536,30/03/11,
152.104.128.0,152.104.255.255,32768,30/07/91,
153.0.0.0,153.0.255.255,65536,30/03/11,
153.3.0.0,153.3.255.255,65536,30/03/11,
153.34.0.0,153.35.255.255,131072,31/03/11,
153.36.0.0,153.37.255.255,131072,31/03/11,
153.99.0.0,153.99.255.255,65536,30/03/11,
153.101.0.0,153.101.255.255,65536,30/03/11,
153.118.0.0,153.119.255.255,131072,29/03/11,
157.0.0.0,157.0.255.255,65536,30/03/11,
157.18.0.0,157.18.255.255,65536,30/03/11,
157.61.0.0,157.61.255.255,65536,30/03/11,
157.122.0.0,157.122.255.255,65536,30/03/11,
157.148.0.0,157.148.255.255,65536,30/03/11,
157.156.0.0,157.156.255.255,65536,30/03/11,
157.255.0.0,157.255.255.255,65536,30/03/11,
159.226.0.0,159.226.255.255,65536,11/06/92,
161.207.0.0,161.207.255.255,65536,10/02/93,
162.105.0.0,162.105.255.255,65536,30/09/92,
163.0.0.0,163.0.255.255,65536,30/03/11,
163.125.0.0,163.125.255.255,65536,30/03/11,
163.142.0.0,163.142.255.255,65536,30/03/11,
163.177.0.0,163.177.255.255,65536,30/03/11,
163.179.0.0,163.179.255.255,65536,30/03/11,
163.204.0.0,163.204.255.255,65536,30/03/11,
166.111.0.0,166.111.255.255,65536,09/12/93,
167.139.0.0,167.139.255.255,65536,15/07/93,
167.189.0.0,167.189.255.255,65536,16/09/93,
168.160.0.0,168.160.255.255,65536,23/05/94,
171.8.0.0,171.15.255.255,524288,07/03/11,
171.34.0.0,171.35.255.255,131072,04/03/11,
171.36.0.0,171.39.255.255,262144,03/03/11,
171.40.0.0,171.47.255.255,524288,25/03/11,
171.80.0.0,171.83.255.255,262144,25/03/11,
171.84.0.0,171.87.255.255,262144,11/03/11,
171.88.0.0,171.95.255.255,524288,04/03/11,
171.104.0.0,171.111.255.255,524288,03/03/11,
171.112.0.0,171.115.255.255,262144,25/03/11,
171.116.0.0,171.119.255.255,262144,03/03/11,
171.120.0.0,171.127.255.255,524288,03/03/11,
171.208.0.0,171.223.255.255,1048576,04/03/11,
175.0.0.0,175.15.255.255,1048576,03/12/09,
175.16.0.0,175.23.255.255,524288,03/12/09,
175.24.0.0,175.27.255.255,262144,04/12/09,
175.30.0.0,175.31.255.255,131072,10/12/09,
175.42.0.0,175.43.255.255,131072,15/12/09,
175.44.0.0,175.44.255.255,65536,15/12/09,
175.46.0.0,175.47.255.255,131072,17/12/09,
175.48.0.0,175.63.255.255,1048576,14/12/09,
175.64.0.0,175.95.255.255,2097152,14/12/09,
175.102.0.0,175.102.255.255,65536,23/12/09,
175.106.128.0,175.106.255.255,32768,05/01/10,
175.146.0.0,175.147.255.255,131072,08/01/10,
175.148.0.0,175.151.255.255,262144,08/01/10,
175.152.0.0,175.155.255.255,262144,11/01/10,
175.160.0.0,175.175.255.255,1048576,08/01/10,
175.178.0.0,175.178.255.255,65536,22/01/10,
175.184.128.0,175.184.191.255,16384,28/01/10,
175.185.0.0,175.185.255.255,65536,28/01/10,
175.186.0.0,175.187.255.255,131072,28/01/10,
175.188.0.0,175.191.255.255,262144,01/02/10,
180.76.0.0,180.76.255.255,65536,15/07/09,
180.77.0.0,180.77.255.255,65536,16/07/09,
180.78.0.0,180.79.255.255,131072,16/07/09,
180.84.0.0,180.85.255.255,131072,17/07/09,
180.86.0.0,180.86.255.255,65536,17/07/09,
180.88.0.0,180.91.255.255,262144,21/07/09,
180.94.96.0,180.94.111.255,4096,04/08/09,
180.95.128.0,180.95.255.255,32768,06/08/09,
180.96.0.0,180.127.255.255,2097152,23/07/09,
180.129.128.0,180.129.255.255,32768,19/08/09,
180.130.0.0,180.130.255.255,65536,19/08/09,
180.136.0.0,180.143.255.255,524288,16/08/09,
180.148.224.0,180.148.255.255,8192,31/08/09,
180.149.128.0,180.149.159.255,8192,01/09/09,
180.150.160.0,180.150.191.255,8192,07/09/09,
180.152.0.0,180.159.255.255,524288,21/08/09,
180.160.0.0,180.175.255.255,1048576,21/08/09,
180.178.192.0,180.178.255.255,16384,16/09/09,
180.184.0.0,180.187.255.255,262144,15/09/09,
180.188.0.0,180.188.127.255,32768,16/09/09,
180.201.0.0,180.201.255.255,65536,24/09/09,
180.202.0.0,180.203.255.255,131072,24/09/09,
180.208.0.0,180.209.255.255,131072,24/09/09,
180.210.224.0,180.210.255.255,8192,28/09/09,
180.212.0.0,180.213.255.255,131072,01/10/09,
180.222.224.0,180.222.255.255,8192,15/10/09,
180.223.0.0,180.223.255.255,65536,12/10/09,
180.233.0.0,180.233.63.255,16384,16/10/09,
180.233.64.0,180.233.95.255,8192,16/10/09,
180.235.64.0,180.235.95.255,8192,30/10/09,
182.16.192.0,182.16.223.255,8192,04/02/10,
182.18.0.0,182.18.127.255,32768,08/02/10,
182.32.0.0,182.47.255.255,1048576,12/02/10,
182.48.96.0,182.48.127.255,8192,22/02/10,
182.49.0.0,182.49.255.255,65536,22/02/10,
182.50.0.0,182.50.15.255,4096,23/02/10,
182.50.112.0,182.50.127.255,4096,26/02/10,
182.51.0.0,182.51.255.255,65536,23/02/10,
182.54.0.0,182.54.127.255,32768,01/03/10,
182.61.0.0,182.61.255.255,65536,25/02/10,
182.80.0.0,182.83.255.255,262144,25/02/10,
182.84.0.0,182.87.255.255,262144,02/03/10,
182.88.0.0,182.91.255.255,262144,02/03/10,
182.92.0.0,182.92.255.255,65536,02/03/10,
182.96.0.0,182.111.255.255,1048576,02/03/10,
182.112.0.0,182.127.255.255,1048576,02/03/10,
182.128.0.0,182.143.255.255,1048576,02/03/10,
182.144.0.0,182.151.255.255,524288,02/03/10,
182.157.0.0,182.157.255.255,65536,08/03/10,
182.160.64.0,182.160.95.255,8192,31/03/10,
182.174.0.0,182.175.255.255,131072,13/04/10,
182.200.0.0,182.207.255.255,524288,20/04/10,
182.236.128.0,182.236.255.255,32768,27/04/10,
182.238.0.0,182.238.255.255,65536,04/05/10,
182.239.0.0,182.239.31.255,8192,05/05/10,
182.240.0.0,182.247.255.255,524288,23/04/10,
182.254.0.0,182.254.255.255,65536,11/05/10,
183.0.0.0,183.63.255.255,4194304,09/10/09,
183.64.0.0,183.71.255.255,524288,23/10/09,
183.84.0.0,183.85.255.255,131072,12/11/09,
183.91.144.0,183.91.159.255,4096,25/11/09,
183.92.0.0,183.95.255.255,262144,16/11/09,
183.128.0.0,183.159.255.255,2097152,04/11/09,
183.160.0.0,183.167.255.255,524288,22/11/09,
183.168.0.0,183.169.255.255,131072,23/11/09,
183.170.0.0,183.170.255.255,65536,23/11/09,
183.172.0.0,183.175.255.255,262144,25/11/09,
183.182.0.0,183.182.31.255,8192,01/12/09,
183.184.0.0,183.191.255.255,524288,26/11/09,
183.192.0.0,183.255.255.255,4194304,08/11/09,
202.4.128.0,202.4.159.255,8192,17/02/95,
202.6.176.0,202.6.191.255,4096,12/04/11,
202.8.128.0,202.8.159.255,8192,14/10/04,
202.8.192.0,202.8.207.255,4096,12/04/11,
202.10.64.0,202.10.79.255,4096,14/10/04,
202.38.48.0,202.38.63.255,4096,12/04/11,
202.38.64.0,202.38.95.255,8192,30/01/96,
202.38.96.0,202.38.127.255,8192,30/01/96,
202.38.192.0,202.38.255.255,16384,08/09/94,
202.41.240.0,202.41.255.255,4096,09/02/06,
202.43.144.0,202.43.159.255,4096,19/07/05,
202.44.16.0,202.44.31.255,4096,12/04/11,
202.45.16.0,202.45.31.255,4096,12/04/11,
202.46.32.0,202.46.63.255,8192,05/07/05,
202.46.224.0,202.46.239.255,4096,07/07/04,
202.57.240.0,202.57.255.255,4096,12/04/11,
202.60.112.0,202.60.127.255,4096,19/07/05,
202.60.144.0,202.60.159.255,4096,12/04/11,
202.63.160.0,202.63.191.255,8192,06/04/11,
202.69.16.0,202.69.31.255,4096,19/07/04,
202.70.0.0,202.70.31.255,8192,26/04/05,
202.70.96.0,202.70.111.255,4096,12/04/11,
202.70.192.0,202.70.207.255,4096,12/04/11,
202.72.80.0,202.72.95.255,4096,12/04/11,
202.74.80.0,202.74.95.255,4096,12/04/11,
202.75.208.0,202.75.223.255,4096,25/08/04,
202.85.208.0,202.85.223.255,4096,28/09/04,
202.87.80.0,202.87.95.255,4096,12/04/11,
202.90.112.0,202.90.127.255,4096,12/04/11,
202.90.224.0,202.90.239.255,4096,28/10/04,
202.91.96.0,202.91.111.255,4096,12/04/11,
202.91.176.0,202.91.191.255,4096,25/11/04,
202.91.224.0,202.91.255.255,8192,18/08/06,
202.92.48.0,202.92.63.255,4096,12/04/11,
202.95.16.0,202.95.31.255,4096,05/04/01,
202.96.0.0,202.96.63.255,16384,19/05/95,
202.96.80.0,202.96.95.255,4096,18/07/97,
202.96.112.0,202.96.127.255,4096,14/10/97,
202.96.144.0,202.96.159.255,4096,16/10/95,
202.96.176.0,202.96.191.255,4096,14/02/97,
202.96.208.0,202.96.223.255,4096,10/10/96,
202.96.240.0,202.96.255.255,4096,03/09/97,
202.97.16.0,202.97.31.255,4096,22/03/98,
202.97.32.0,202.97.63.255,8192,17/08/98,
202.97.64.0,202.97.95.255,8192,17/08/98,
202.97.96.0,202.97.111.255,4096,16/07/97,
202.97.112.0,202.97.127.255,4096,22/03/98,
202.97.128.0,202.97.191.255,16384,17/08/98,
202.97.192.0,202.97.223.255,8192,17/08/98,
202.97.240.0,202.97.255.255,4096,19/08/97,
202.98.16.0,202.98.31.255,4096,18/11/97,
202.98.48.0,202.98.63.255,4096,22/03/98,
202.98.64.0,202.98.95.255,8192,17/08/98,
202.98.112.0,202.98.127.255,4096,13/06/97,
202.98.128.0,202.98.159.255,8192,17/08/98,
202.98.176.0,202.98.191.255,4096,22/03/98,
202.98.208.0,202.98.223.255,4096,22/03/98,
202.98.240.0,202.98.255.255,4096,22/03/98,
202.99.0.0,202.99.63.255,16384,14/03/97,
202.99.64.0,202.99.95.255,8192,17/08/98,
202.99.112.0,202.99.127.255,4096,13/06/97,
202.99.128.0,202.99.159.255,8192,17/08/98,
202.99.176.0,202.99.191.255,4096,13/06/97,
202.99.208.0,202.99.223.255,4096,22/03/98,
202.99.240.0,202.99.255.255,4096,22/03/98,
202.100.16.0,202.100.31.255,4096,22/03/98,
202.100.32.0,202.100.63.255,8192,17/08/98,
202.100.80.0,202.100.95.255,4096,22/03/98,
202.100.112.0,202.100.127.255,4096,22/03/98,
202.100.144.0,202.100.159.255,4096,22/03/98,
202.100.176.0,202.100.191.255,4096,22/03/98,
202.100.208.0,202.100.223.255,4096,14/02/97,
202.100.224.0,202.100.255.255,8192,17/08/98,
202.101.0.0,202.101.63.255,16384,17/08/98,
202.101.64.0,202.101.95.255,8192,17/08/98,
202.101.96.0,202.101.127.255,8192,01/03/96,
202.101.128.0,202.101.191.255,16384,17/08/98,
202.101.192.0,202.101.223.255,8192,17/08/98,
202.101.240.0,202.101.255.255,4096,14/02/97,
202.102.0.0,202.102.31.255,8192,22/03/96,
202.102.32.0,202.102.63.255,8192,17/08/98,
202.102.64.0,202.102.127.255,16384,17/08/98,
202.102.144.0,202.102.159.255,4096,14/02/97,
202.102.160.0,202.102.191.255,8192,17/08/98,
202.102.208.0,202.102.223.255,4096,20/09/97,
202.102.240.0,202.102.255.255,4096,02/05/97,
202.103.16.0,202.103.31.255,4096,26/09/96,
202.103.32.0,202.103.63.255,8192,30/06/97,
202.103.64.0,202.103.95.255,8192,17/08/98,
202.103.112.0,202.103.127.255,4096,22/03/98,
202.103.128.0,202.103.191.255,16384,30/06/97,
202.103.192.0,202.103.223.255,8192,17/08/98,
202.103.240.0,202.103.255.255,4096,14/02/97,
202.104.0.0,202.105.255.255,131072,17/08/98,
202.106.0.0,202.106.255.255,65536,17/08/98,
202.107.0.0,202.107.127.255,32768,17/08/98,
202.107.128.0,202.107.255.255,32768,17/08/98,
202.108.0.0,202.108.255.255,65536,17/08/98,
202.109.0.0,202.109.255.255,65536,17/08/98,
202.110.0.0,202.110.63.255,16384,17/08/98,
202.110.64.0,202.110.127.255,16384,17/08/98,
202.110.128.0,202.110.191.255,16384,17/08/98,
202.110.192.0,202.110.255.255,16384,17/08/98,
202.111.0.0,202.111.127.255,32768,17/08/98,
202.111.128.0,202.111.159.255,8192,17/08/98,
202.111.160.0,202.111.191.255,8192,17/08/98,
202.111.192.0,202.111.255.255,16384,17/08/98,
202.112.0.0,202.112.255.255,65536,21/09/95,
202.113.0.0,202.113.15.255,4096,21/09/95,
202.113.16.0,202.113.31.255,4096,21/09/95,
202.113.32.0,202.113.63.255,8192,21/09/95,
202.113.64.0,202.113.127.255,16384,21/09/95,
202.113.128.0,202.113.191.255,16384,21/09/95,
202.113.192.0,202.113.223.255,8192,21/09/95,
202.113.224.0,202.113.239.255,4096,21/09/95,
202.113.240.0,202.113.255.255,4096,21/09/95,
202.114.0.0,202.114.31.255,8192,21/09/95,
202.114.32.0,202.114.63.255,8192,21/09/95,
202.114.64.0,202.114.127.255,16384,21/09/95,
202.114.128.0,202.114.255.255,32768,21/09/95,
202.115.0.0,202.115.31.255,8192,21/09/95,
202.115.32.0,202.115.63.255,8192,21/09/95,
202.115.64.0,202.115.127.255,16384,21/09/95,
202.115.128.0,202.115.255.255,32768,21/09/95,
202.116.0.0,202.116.31.255,8192,21/09/95,
202.116.32.0,202.116.47.255,4096,21/09/95,
202.116.48.0,202.116.63.255,4096,21/09/95,
202.116.64.0,202.116.95.255,8192,21/09/95,
202.116.96.0,202.116.127.255,8192,21/09/95,
202.116.128.0,202.116.255.255,32768,21/09/95,
202.117.0.0,202.117.63.255,16384,21/09/95,
202.117.64.0,202.117.127.255,16384,21/09/95,
202.117.128.0,202.117.255.255,32768,21/09/95,
202.118.0.0,202.118.31.255,8192,21/09/95,
202.118.32.0,202.118.63.255,8192,21/09/95,
202.118.64.0,202.118.127.255,16384,21/09/95,
202.118.128.0,202.118.255.255,32768,21/09/95,
202.119.0.0,202.119.31.255,8192,21/09/95,
202.119.32.0,202.119.63.255,8192,21/09/95,
202.119.64.0,202.119.79.255,4096,21/09/95,
202.119.80.0,202.119.95.255,4096,21/09/95,
202.119.96.0,202.119.127.255,8192,21/09/95,
202.119.128.0,202.119.255.255,32768,21/09/95,
202.120.0.0,202.120.63.255,16384,21/09/95,
202.120.64.0,202.120.127.255,16384,21/09/95,
202.120.128.0,202.120.255.255,32768,21/09/95,
202.121.0.0,202.121.255.255,65536,21/09/95,
202.122.64.0,202.122.95.255,8192,10/08/04,
202.123.96.0,202.123.111.255,4096,20/07/05,
202.125.112.0,202.125.127.255,4096,12/04/11,
202.125.176.0,202.125.191.255,4096,01/03/05,
202.127.16.0,202.127.31.255,4096,21/12/94,
202.127.48.0,202.127.63.255,4096,01/08/95,
202.127.112.0,202.127.127.255,4096,11/03/05,
202.127.128.0,202.127.143.255,4096,12/04/11,
202.127.144.0,202.127.159.255,4096,21/12/94,
202.127.224.0,202.127.255.255,8192,23/10/94,
202.130.0.0,202.130.31.255,8192,13/01/03,
202.130.224.0,202.130.255.255,8192,04/09/03,
202.131.48.0,202.131.63.255,4096,17/03/05,
202.131.208.0,202.131.223.255,4096,10/04/01,
202.133.32.0,202.133.47.255,4096,12/04/11,
202.134.128.0,202.134.143.255,4096,12/04/11,
202.136.48.0,202.136.63.255,4096,11/04/05,
202.136.208.0,202.136.223.255,4096,19/04/05,
202.136.224.0,202.136.239.255,4096,19/04/05,
202.141.160.0,202.141.191.255,8192,08/11/05,
202.142.16.0,202.142.31.255,4096,17/05/05,
202.143.16.0,202.143.31.255,4096,18/05/05,
202.143.32.0,202.143.47.255,4096,12/04/11,
202.146.160.0,202.146.175.255,4096,12/04/11,
202.147.144.0,202.147.159.255,4096,12/04/11,
202.148.32.0,202.148.47.255,4096,12/04/11,
202.148.64.0,202.148.95.255,8192,12/04/11,
202.148.96.0,202.148.127.255,8192,01/09/03,
202.149.32.0,202.149.63.255,8192,12/04/11,
202.149.160.0,202.149.191.255,8192,08/07/04,
202.149.224.0,202.149.255.255,8192,28/04/05,
202.150.16.0,202.150.31.255,4096,02/08/05,
202.150.32.0,202.150.47.255,4096,12/04/11,
202.150.192.0,202.150.207.255,4096,12/04/11,
202.150.224.0,202.150.255.255,8192,12/04/11,
202.151.128.0,202.151.159.255,8192,12/04/11,
202.152.176.0,202.152.191.255,4096,15/08/05,
202.153.48.0,202.153.63.255,4096,19/08/05,
202.157.192.0,202.157.223.255,8192,12/04/11,
202.158.160.0,202.158.191.255,8192,23/07/04,
202.160.176.0,202.160.191.255,4096,30/08/05,
202.164.0.0,202.164.15.255,4096,13/08/04,
202.164.96.0,202.164.127.255,8192,12/04/11,
202.165.96.0,202.165.111.255,4096,14/01/04,
202.165.176.0,202.165.191.255,4096,22/08/06,
202.165.208.0,202.165.223.255,4096,27/09/05,
202.166.224.0,202.166.255.255,8192,12/04/11,
202.168.160.0,202.168.175.255,4096,05/12/02,
202.168.176.0,202.168.191.255,4096,13/01/04,
202.170.128.0,202.170.159.255,8192,22/07/05,
202.170.224.0,202.170.255.255,8192,12/04/11,
202.173.224.0,202.173.255.255,8192,19/01/05,
202.174.64.0,202.174.79.255,4096,12/04/11,
202.176.224.0,202.176.255.255,8192,12/04/11,
202.179.240.0,202.179.255.255,4096,24/11/05,
202.180.128.0,202.180.159.255,8192,10/05/05,
202.181.112.0,202.181.127.255,4096,25/11/05,
202.182.32.0,202.182.47.255,4096,12/04/11,
202.182.192.0,202.182.223.255,8192,12/04/11,
202.189.0.0,202.189.63.255,16384,05/04/11,
202.189.80.0,202.189.95.255,4096,29/11/05,
202.191.80.0,202.191.95.255,4096,12/04/11,
202.192.0.0,202.199.255.255,524288,30/01/96,
202.200.0.0,202.203.255.255,262144,17/04/96,
202.204.0.0,202.207.255.255,262144,04/06/96,
203.6.224.0,203.6.239.255,4096,12/04/11,
203.15.0.0,203.15.15.255,4096,12/04/11,
203.25.208.0,203.25.223.255,4096,12/04/11,
203.57.224.0,203.57.239.255,4096,12/04/11,
203.78.48.0,203.78.63.255,4096,12/04/11,
203.79.0.0,203.79.15.255,4096,19/11/03,
203.79.32.0,203.79.47.255,4096,15/08/02,
203.80.32.0,203.80.47.255,4096,12/04/11,
203.80.144.0,203.80.159.255,4096,03/01/06,
203.81.16.0,203.81.31.255,4096,08/01/02,
203.83.224.0,203.83.239.255,4096,12/04/11,
203.86.0.0,203.86.31.255,8192,15/11/04,
203.86.32.0,203.86.63.255,8192,12/03/04,
203.86.64.0,203.86.79.255,4096,23/03/04,
203.86.80.0,203.86.95.255,4096,22/06/04,
203.86.96.0,203.86.127.255,8192,12/04/11,
203.88.32.0,203.88.63.255,8192,17/02/04,
203.88.192.0,203.88.223.255,8192,24/02/04,
203.90.128.0,203.90.159.255,8192,29/03/04,
203.90.160.0,203.90.191.255,8192,04/08/04,
203.90.192.0,203.90.223.255,8192,04/08/04,
203.91.32.0,203.91.63.255,8192,02/12/04,
203.91.96.0,203.91.111.255,4096,09/06/04,
203.92.160.0,203.92.191.255,8192,17/05/04,
203.93.16.0,203.93.31.255,4096,21/12/95,
203.93.32.0,203.93.63.255,8192,27/09/96,
203.93.64.0,203.93.127.255,16384,07/01/97,
203.93.144.0,203.93.159.255,4096,10/08/98,
203.93.160.0,203.93.191.255,8192,10/08/98,
203.93.192.0,203.93.255.255,16384,11/05/99,
203.94.16.0,203.94.31.255,4096,30/01/02,
203.95.96.0,203.95.111.255,4096,05/01/05,
203.95.112.0,203.95.127.255,4096,16/06/06,
203.95.128.0,203.95.191.255,16384,05/04/11,
203.95.224.0,203.95.255.255,8192,12/04/11,
203.99.16.0,203.99.31.255,4096,08/03/06,
203.99.80.0,203.99.95.255,4096,08/03/06,
203.100.32.0,203.100.47.255,4096,27/05/04,
203.100.80.0,203.100.95.255,4096,23/08/06,
203.100.96.0,203.100.127.255,8192,12/01/05,
203.100.192.0,203.100.207.255,4096,13/03/06,
203.104.32.0,203.104.47.255,4096,12/04/11,
203.105.96.0,203.105.127.255,8192,12/04/11,
203.105.128.0,203.105.159.255,8192,12/04/11,
203.107.0.0,203.107.127.255,32768,11/04/11,
203.110.160.0,203.110.191.255,8192,22/02/05,
203.110.208.0,203.110.223.255,4096,12/04/11,
203.118.192.0,203.118.223.255,8192,27/05/04,
203.119.128.0,203.119.255.255,32768,11/04/11,
203.128.32.0,203.128.63.255,8192,11/03/05,
203.128.96.0,203.128.127.255,8192,14/03/05,
203.130.32.0,203.130.63.255,8192,16/03/05,
203.132.32.0,203.132.63.255,8192,13/04/05,
203.135.96.0,203.135.111.255,4096,19/05/05,
203.135.112.0,203.135.127.255,4096,03/01/06,
203.135.160.0,203.135.175.255,4096,19/05/05,
203.142.224.0,203.142.255.255,8192,12/04/11,
203.144.96.0,203.144.127.255,8192,12/04/11,
203.145.0.0,203.145.31.255,8192,12/04/11,
203.148.0.0,203.148.63.255,16384,19/12/03,
203.148.64.0,203.148.79.255,4096,11/04/11,
203.152.64.0,203.152.95.255,8192,02/08/05,
203.152.128.0,203.152.159.255,8192,12/04/11,
203.156.192.0,203.156.255.255,16384,05/08/04,
203.160.192.0,203.160.223.255,8192,12/04/11,
203.161.192.0,203.161.223.255,8192,20/09/05,
203.166.160.0,203.166.191.255,8192,22/09/05,
203.168.0.0,203.168.31.255,8192,12/04/11,
203.171.224.0,203.171.239.255,4096,20/04/06,
203.174.96.0,203.174.127.255,8192,15/11/05,
203.175.128.0,203.175.159.255,8192,14/10/03,
203.175.192.0,203.175.255.255,16384,28/11/02,
203.176.0.0,203.176.63.255,16384,06/04/11,
203.176.64.0,203.176.95.255,8192,12/04/11,
203.184.80.0,203.184.95.255,4096,28/04/06,
203.187.160.0,203.187.191.255,8192,22/06/04,
203.189.192.0,203.189.223.255,8192,12/04/11,
203.190.96.0,203.190.111.255,4096,12/12/05,
203.191.16.0,203.191.31.255,4096,19/05/06,
203.191.64.0,203.191.127.255,16384,26/07/04,
203.192.0.0,203.192.31.255,8192,16/05/96,
203.193.224.0,203.193.255.255,8192,12/04/11,
203.195.64.0,203.195.95.255,8192,12/04/11,
203.195.128.0,203.195.255.255,32768,11/04/11,
203.205.64.0,203.205.95.255,8192,12/04/11,
203.205.128.0,203.205.255.255,32768,11/04/11,
203.207.64.0,203.207.127.255,16384,17/06/97,
203.207.128.0,203.207.255.255,32768,17/06/97,
203.208.0.0,203.208.15.255,4096,10/01/96,
203.208.32.0,203.208.63.255,8192,13/01/06,
203.209.224.0,203.209.255.255,8192,20/01/06,
203.212.0.0,203.212.15.255,4096,10/10/00,
203.212.80.0,203.212.95.255,4096,01/06/06,
203.222.192.0,203.222.207.255,4096,26/10/01,
203.223.0.0,203.223.15.255,4096,16/12/95,
210.2.0.0,210.2.15.255,4096,19/04/07,
210.2.16.0,210.2.31.255,4096,20/04/07,
210.5.0.0,210.5.31.255,8192,09/10/00,
210.5.128.0,210.5.143.255,4096,30/12/10,
210.5.144.0,210.5.159.255,4096,19/06/06,
210.12.0.0,210.12.63.255,16384,17/11/99,
210.12.64.0,210.12.127.255,16384,10/04/00,
210.12.128.0,210.12.191.255,16384,28/08/00,
210.12.192.0,210.12.255.255,16384,03/02/01,
210.13.0.0,210.13.63.255,16384,03/02/01,
210.13.64.0,210.13.127.255,16384,20/07/01,
210.13.128.0,210.13.255.255,32768,20/07/01,
210.14.64.0,210.14.95.255,8192,19/09/03,
210.14.112.0,210.14.127.255,4096,25/09/07,
210.14.128.0,210.14.159.255,8192,22/05/06,
210.14.160.0,210.14.191.255,8192,21/06/01,
210.14.192.0,210.14.223.255,8192,28/03/00,
210.14.224.0,210.14.255.255,8192,19/11/99,
210.15.0.0,210.15.31.255,8192,19/11/99,
210.15.32.0,210.15.63.255,8192,05/04/00,
210.15.64.0,210.15.95.255,8192,05/04/00,
210.15.96.0,210.15.127.255,8192,03/08/01,
210.15.128.0,210.15.191.255,16384,03/08/01,
210.16.128.0,210.16.191.255,16384,08/02/05,
210.21.0.0,210.21.127.255,32768,17/10/00,
210.21.128.0,210.21.255.255,32768,17/10/00,
210.22.0.0,210.22.255.255,65536,17/10/00,
210.23.32.0,210.23.63.255,8192,25/05/06,
210.25.0.0,210.25.255.255,65536,31/08/98,
210.26.0.0,210.27.255.255,131072,31/08/98,
210.28.0.0,210.31.255.255,262144,31/08/98,
210.32.0.0,210.35.255.255,262144,04/09/96,
210.36.0.0,210.39.255.255,262144,23/10/96,
210.40.0.0,210.47.255.255,524288,12/03/97,
210.51.0.0,210.51.255.255,65536,11/10/00,
210.52.0.0,210.52.63.255,16384,11/10/00,
210.52.64.0,210.52.127.255,16384,11/10/00,
210.52.128.0,210.52.255.255,32768,27/06/00,
210.53.0.0,210.53.127.255,32768,27/06/00,
210.53.128.0,210.53.255.255,32768,14/03/00,
210.56.192.0,210.56.223.255,8192,09/11/04,
210.72.0.0,210.72.127.255,32768,01/05/97,
210.72.128.0,210.72.159.255,8192,19/08/97,
210.72.160.0,210.72.191.255,8192,21/10/97,
210.72.192.0,210.72.255.255,16384,21/10/97,
210.73.0.0,210.73.31.255,8192,21/10/97,
210.73.32.0,210.73.63.255,8192,25/02/98,
210.73.64.0,210.73.127.255,16384,25/02/98,
210.73.128.0,210.73.255.255,32768,25/02/98,
210.74.0.0,210.74.31.255,8192,25/02/98,
210.74.32.0,210.74.63.255,8192,06/04/98,
210.74.64.0,210.74.95.255,8192,06/04/98,
210.74.96.0,210.74.127.255,8192,06/04/98,
210.74.128.0,210.74.159.255,8192,06/04/98,
210.74.160.0,210.74.191.255,8192,06/04/98,
210.74.192.0,210.74.255.255,16384,06/04/98,
210.75.0.0,210.75.255.255,65536,06/04/98,
210.76.0.0,210.76.31.255,8192,06/04/98,
210.76.32.0,210.76.63.255,8192,11/08/98,
210.76.64.0,210.76.127.255,16384,11/08/98,
210.76.128.0,210.76.255.255,32768,11/08/98,
210.77.0.0,210.77.255.255,65536,11/08/98,
210.78.0.0,210.78.31.255,8192,11/08/98,
210.78.32.0,210.78.63.255,8192,11/08/98,
210.78.64.0,210.78.127.255,16384,11/08/98,
210.78.128.0,210.78.159.255,8192,11/08/98,
210.78.160.0,210.78.191.255,8192,11/08/98,
210.78.192.0,210.78.255.255,16384,11/08/98,
210.79.64.0,210.79.127.255,16384,10/11/04,
210.79.224.0,210.79.255.255,8192,30/06/97,
210.82.0.0,210.83.255.255,131072,11/10/00,
210.87.128.0,210.87.143.255,4096,18/06/03,
210.87.144.0,210.87.159.255,4096,12/10/04,
210.87.160.0,210.87.191.255,8192,12/10/04,
210.185.192.0,210.185.255.255,16384,10/12/04,
210.192.96.0,210.192.127.255,8192,27/08/02,
211.64.0.0,211.67.255.255,262144,17/09/99,
211.68.0.0,211.69.255.255,131072,17/09/99,
211.70.0.0,211.71.255.255,131072,01/08/00,
211.80.0.0,211.80.255.255,65536,01/08/00,
211.81.0.0,211.81.255.255,65536,14/02/01,
211.82.0.0,211.82.255.255,65536,14/02/01,
211.83.0.0,211.83.255.255,65536,17/04/01,
211.84.0.0,211.85.255.255,131072,04/06/01,
211.86.0.0,211.87.255.255,131072,02/10/01,
211.88.0.0,211.88.255.255,65536,11/04/00,
211.89.0.0,211.89.255.255,65536,11/04/00,
211.90.0.0,211.91.255.255,131072,11/04/00,
211.92.0.0,211.93.255.255,131072,16/03/00,
211.94.0.0,211.95.255.255,131072,14/12/99,
211.96.0.0,211.97.255.255,131072,14/12/99,
211.98.0.0,211.98.255.255,65536,14/12/99,
211.99.0.0,211.99.63.255,16384,14/12/99,
211.99.64.0,211.99.95.255,8192,14/12/99,
211.99.96.0,211.99.127.255,8192,14/12/99,
211.99.128.0,211.99.255.255,32768,14/12/99,
211.100.0.0,211.100.255.255,65536,14/12/99,
211.101.0.0,211.101.63.255,16384,14/12/99,
211.101.64.0,211.101.127.255,16384,14/12/99,
211.101.128.0,211.101.255.255,32768,14/12/99,
211.102.0.0,211.102.255.255,65536,14/12/99,
211.103.0.0,211.103.127.255,32768,14/12/99,
211.103.128.0,211.103.255.255,32768,14/12/99,
211.136.0.0,211.139.255.255,262144,18/08/00,
211.140.0.0,211.141.255.255,131072,18/08/00,
211.142.0.0,211.142.127.255,32768,23/10/01,
211.142.128.0,211.142.255.255,32768,06/11/01,
211.143.0.0,211.143.255.255,65536,06/11/01,
211.144.0.0,211.145.255.255,131072,23/04/01,
211.146.0.0,211.146.255.255,65536,23/04/01,
211.147.0.0,211.147.255.255,65536,22/06/01,
211.148.0.0,211.151.255.255,262144,22/06/01,
211.152.0.0,211.153.255.255,131072,27/06/00,
211.154.0.0,211.154.255.255,65536,27/06/00,
211.155.0.0,211.155.63.255,16384,27/06/00,
211.155.64.0,211.155.95.255,8192,27/06/00,
211.155.96.0,211.155.127.255,8192,27/06/00,
211.155.128.0,211.155.255.255,32768,27/06/00,
211.156.0.0,211.159.255.255,262144,27/06/00,
211.160.0.0,211.163.255.255,262144,27/06/00,
211.164.0.0,211.167.255.255,262144,09/06/00,
218.0.0.0,218.0.255.255,65536,12/04/01,
218.1.0.0,218.1.255.255,65536,12/04/01,
218.2.0.0,218.3.255.255,131072,12/04/01,
218.4.0.0,218.5.255.255,131072,12/04/01,
218.6.0.0,218.6.255.255,65536,12/04/01,
218.7.0.0,218.7.255.255,65536,12/04/01,
218.8.0.0,218.9.255.255,131072,12/04/01,
218.10.0.0,218.10.255.255,65536,12/04/01,
218.11.0.0,218.11.255.255,65536,12/04/01,
218.12.0.0,218.12.255.255,65536,12/04/01,
218.13.0.0,218.13.255.255,65536,12/04/01,
218.14.0.0,218.15.255.255,131072,12/04/01,
218.16.0.0,218.19.255.255,262144,12/04/01,
218.20.0.0,218.20.255.255,65536,12/04/01,
218.21.0.0,218.21.127.255,32768,12/04/01,
218.21.128.0,218.21.255.255,32768,12/04/01,
218.22.0.0,218.23.255.255,131072,12/04/01,
218.24.0.0,218.25.255.255,131072,12/04/01,
218.26.0.0,218.26.255.255,65536,12/04/01,
218.27.0.0,218.27.255.255,65536,12/04/01,
218.28.0.0,218.29.255.255,131072,12/04/01,
218.30.0.0,218.31.255.255,131072,12/04/01,
218.56.0.0,218.59.255.255,262144,19/06/01,
218.60.0.0,218.61.255.255,131072,19/06/01,
218.62.0.0,218.62.127.255,32768,19/06/01,
218.62.128.0,218.62.255.255,32768,19/06/01,
218.63.0.0,218.63.255.255,65536,19/06/01,
218.64.0.0,218.65.255.255,131072,28/06/01,
218.66.0.0,218.66.255.255,65536,28/06/01,
218.67.0.0,218.67.127.255,32768,28/06/01,
218.67.128.0,218.67.255.255,32768,28/06/01,
218.68.0.0,218.69.255.255,131072,28/06/01,
218.70.0.0,218.71.255.255,131072,28/06/01,
218.72.0.0,218.75.255.255,262144,28/06/01,
218.76.0.0,218.77.255.255,131072,28/06/01,
218.78.0.0,218.79.255.255,131072,28/06/01,
218.80.0.0,218.83.255.255,262144,28/06/01,
218.84.0.0,218.87.255.255,262144,28/06/01,
218.88.0.0,218.95.255.255,524288,28/06/01,
218.96.0.0,218.97.255.255,131072,22/06/01,
218.98.0.0,218.98.127.255,32768,22/06/01,
218.98.128.0,218.98.191.255,16384,22/06/01,
218.98.192.0,218.98.223.255,8192,22/06/01,
218.98.224.0,218.98.255.255,8192,22/06/01,
218.99.0.0,218.99.255.255,65536,22/06/01,
218.100.96.0,218.100.127.255,8192,12/04/11,
218.100.128.0,218.100.255.255,32768,12/04/11,
218.104.0.0,218.104.127.255,32768,19/09/01,
218.104.128.0,218.104.159.255,8192,19/09/01,
218.104.160.0,218.104.191.255,8192,19/09/01,
218.104.208.0,218.104.223.255,4096,19/09/01,
218.104.224.0,218.104.255.255,8192,19/09/01,
218.105.0.0,218.105.255.255,65536,19/09/01,
218.106.0.0,218.107.255.255,131072,19/09/01,
218.108.0.0,218.108.255.255,65536,21/03/02,
218.109.0.0,218.109.255.255,65536,31/12/02,
218.185.192.0,218.185.223.255,8192,19/10/04,
218.192.0.0,218.192.255.255,65536,24/10/01,
218.193.0.0,218.193.255.255,65536,07/01/02,
218.194.0.0,218.194.255.255,65536,01/02/02,
218.195.0.0,218.195.255.255,65536,23/01/02,
218.196.0.0,218.199.255.255,262144,21/01/02,
218.200.0.0,218.203.255.255,262144,06/11/01,
218.204.0.0,218.205.255.255,131072,06/11/01,
218.206.0.0,218.207.255.255,131072,09/09/03,
218.240.0.0,218.243.255.255,262144,30/11/01,
218.244.0.0,218.245.255.255,131072,30/11/01,
218.246.0.0,218.247.255.255,131072,17/04/02,
218.249.0.0,218.249.255.255,65536,12/07/04,
219.72.0.0,219.72.255.255,65536,12/03/02,
219.82.0.0,219.82.255.255,65536,23/12/03,
219.83.128.0,219.83.255.255,32768,12/04/11,
219.128.0.0,219.143.255.255,1048576,21/03/02,
219.144.0.0,219.147.255.255,262144,21/03/02,
219.148.0.0,219.148.255.255,65536,21/03/02,
219.149.0.0,219.149.127.255,32768,21/03/02,
219.149.128.0,219.149.191.255,16384,21/03/02,
219.149.192.0,219.149.255.255,16384,21/03/02,
219.150.0.0,219.150.31.255,8192,21/03/02,
219.150.32.0,219.150.63.255,8192,21/03/02,
219.150.64.0,219.150.95.255,8192,21/03/02,
219.150.96.0,219.150.111.255,4096,21/03/02,
219.150.112.0,219.150.127.255,4096,21/03/02,
219.150.128.0,219.150.255.255,32768,21/03/02,
219.151.0.0,219.151.31.255,8192,21/03/02,
219.151.32.0,219.151.63.255,8192,21/03/02,
219.151.64.0,219.151.127.255,16384,21/03/02,
219.151.128.0,219.151.255.255,32768,21/03/02,
219.152.0.0,219.153.255.255,131072,21/03/02,
219.154.0.0,219.155.255.255,131072,21/03/02,
219.156.0.0,219.157.255.255,131072,21/03/02,
219.158.0.0,219.158.127.255,32768,21/03/02,
219.158.128.0,219.158.255.255,32768,21/03/02,
219.159.0.0,219.159.63.255,16384,21/03/02,
219.159.64.0,219.159.127.255,16384,21/03/02,
219.159.128.0,219.159.255.255,32768,21/03/02,
219.216.0.0,219.217.255.255,131072,16/04/02,
219.218.0.0,219.219.255.255,131072,03/10/02,
219.220.0.0,219.220.255.255,65536,18/11/02,
219.221.0.0,219.221.255.255,65536,29/03/03,
219.222.0.0,219.223.255.255,131072,09/01/03,
219.224.0.0,219.225.255.255,131072,17/04/03,
219.226.0.0,219.226.255.255,65536,17/04/03,
219.227.0.0,219.227.255.255,65536,08/09/03,
219.228.0.0,219.229.255.255,131072,02/05/03,
219.230.0.0,219.231.255.255,131072,05/08/03,
219.232.0.0,219.235.255.255,262144,17/04/02,
219.236.0.0,219.237.255.255,131072,05/09/02,
219.238.0.0,219.239.255.255,131072,05/03/03,
219.242.0.0,219.243.255.255,131072,11/07/02,
219.244.0.0,219.247.255.255,262144,23/05/02,
220.101.192.0,220.101.255.255,16384,05/07/05,
220.112.0.0,220.115.255.255,262144,24/09/02,
220.152.128.0,220.152.255.255,32768,25/08/06,
220.154.0.0,220.155.255.255,131072,16/08/06,
220.160.0.0,220.191.255.255,2097152,30/10/02,
220.192.0.0,220.193.255.255,131072,14/11/02,
220.194.0.0,220.195.255.255,131072,11/12/02,
220.196.0.0,220.199.255.255,262144,11/12/02,
220.200.0.0,220.207.255.255,524288,11/12/02,
220.231.0.0,220.231.63.255,16384,21/04/05,
220.231.128.0,220.231.255.255,32768,26/04/05,
220.232.64.0,220.232.127.255,16384,19/10/04,
220.234.0.0,220.234.255.255,65536,24/03/04,
220.242.0.0,220.243.255.255,131072,25/08/06,
220.248.0.0,220.251.255.255,262144,28/02/03,
220.252.0.0,220.252.255.255,65536,28/02/03,
221.0.0.0,221.1.255.255,131072,24/12/02,
221.2.0.0,221.2.255.255,65536,24/12/02,
221.3.0.0,221.3.127.255,32768,24/12/02,
221.3.128.0,221.3.255.255,32768,08/01/03,
221.4.0.0,221.4.255.255,65536,08/01/03,
221.5.0.0,221.5.127.255,32768,08/01/03,
221.5.128.0,221.5.255.255,32768,13/01/03,
221.6.0.0,221.6.255.255,65536,09/01/03,
221.7.0.0,221.7.31.255,8192,07/01/03,
221.7.32.0,221.7.63.255,8192,09/01/03,
221.7.64.0,221.7.95.255,8192,13/01/03,
221.7.96.0,221.7.127.255,8192,15/02/05,
221.7.128.0,221.7.255.255,32768,15/01/03,
221.8.0.0,221.9.255.255,131072,24/01/03,
221.10.0.0,221.10.255.255,65536,20/01/03,
221.11.0.0,221.11.127.255,32768,21/01/03,
221.11.128.0,221.11.191.255,16384,22/01/03,
221.11.192.0,221.11.223.255,8192,22/01/03,
221.11.224.0,221.11.255.255,8192,07/02/06,
221.12.0.0,221.12.127.255,32768,28/01/03,
221.12.128.0,221.12.191.255,16384,28/01/03,
221.13.0.0,221.13.63.255,16384,14/04/03,
221.13.64.0,221.13.95.255,8192,28/05/03,
221.13.96.0,221.13.127.255,8192,15/02/05,
221.13.128.0,221.13.255.255,32768,11/06/03,
221.14.0.0,221.15.255.255,131072,11/06/03,
221.122.0.0,221.123.255.255,131072,07/07/03,
221.128.128.0,221.128.255.255,32768,12/04/11,
221.129.0.0,221.129.255.255,65536,30/10/03,
221.130.0.0,221.131.255.255,131072,09/09/03,
221.133.224.0,221.133.255.255,8192,12/09/06,
221.136.0.0,221.136.255.255,65536,07/07/03,
221.137.0.0,221.137.255.255,65536,15/08/03,
221.172.0.0,221.175.255.255,262144,02/09/03,
221.176.0.0,221.183.255.255,524288,09/09/03,
221.192.0.0,221.193.255.255,131072,11/06/03,
221.194.0.0,221.194.255.255,65536,11/06/03,
221.195.0.0,221.195.255.255,65536,29/03/04,
221.196.0.0,221.197.255.255,131072,11/06/03,
221.198.0.0,221.198.255.255,65536,11/06/03,
221.199.0.0,221.199.31.255,8192,30/06/03,
221.199.32.0,221.199.47.255,4096,30/06/03,
221.199.48.0,221.199.63.255,4096,07/02/06,
221.199.64.0,221.199.127.255,16384,07/02/06,
221.199.128.0,221.199.191.255,16384,01/07/03,
221.199.192.0,221.199.207.255,4096,01/07/03,
221.199.224.0,221.199.255.255,8192,20/07/06,
221.200.0.0,221.203.255.255,262144,12/06/03,
221.204.0.0,221.205.255.255,131072,02/07/03,
221.206.0.0,221.206.255.255,65536,31/12/04,
221.207.0.0,221.207.63.255,16384,31/07/03,
221.207.64.0,221.207.127.255,16384,31/12/04,
221.207.128.0,221.207.255.255,32768,31/12/04,
221.208.0.0,221.211.255.255,262144,10/11/03,
221.212.0.0,221.212.255.255,65536,10/11/03,
221.213.0.0,221.213.255.255,65536,02/08/04,
221.214.0.0,221.215.255.255,131072,11/12/03,
221.216.0.0,221.223.255.255,524288,19/11/03,
221.224.0.0,221.231.255.255,524288,26/06/03,
221.232.0.0,221.235.255.255,262144,15/07/03,
221.236.0.0,221.237.255.255,131072,10/09/03,
221.238.0.0,221.238.255.255,65536,30/09/03,
221.239.0.0,221.239.127.255,32768,30/09/03,
221.239.128.0,221.239.255.255,32768,24/10/03,
222.16.0.0,222.17.255.255,131072,08/09/03,
222.18.0.0,222.19.255.255,131072,22/09/03,
222.20.0.0,222.21.255.255,131072,24/09/03,
222.22.0.0,222.22.255.255,65536,24/09/03,
222.23.0.0,222.23.255.255,65536,30/09/03,
222.24.0.0,222.25.255.255,131072,30/09/03,
222.26.0.0,222.27.255.255,131072,09/12/03,
222.28.0.0,222.31.255.255,262144,13/11/03,
222.32.0.0,222.63.255.255,2097152,02/09/03,
222.64.0.0,222.71.255.255,524288,24/10/03,
222.72.0.0,222.73.255.255,131072,24/10/03,
222.74.0.0,222.74.255.255,65536,06/01/04,
222.75.0.0,222.75.255.255,65536,24/02/04,
222.76.0.0,222.79.255.255,262144,24/10/03,
222.80.0.0,222.81.255.255,131072,27/10/03,
222.82.0.0,222.82.255.255,65536,27/10/03,
222.83.0.0,222.83.127.255,32768,27/10/03,
222.83.128.0,222.83.255.255,32768,30/10/03,
222.84.0.0,222.84.255.255,65536,30/10/03,
222.85.0.0,222.85.127.255,32768,13/01/04,
222.85.128.0,222.85.255.255,32768,31/12/03,
222.86.0.0,222.87.255.255,131072,31/12/03,
222.88.0.0,222.89.255.255,131072,13/01/04,
222.90.0.0,222.91.255.255,131072,24/02/04,
222.92.0.0,222.95.255.255,262144,23/02/04,
222.125.0.0,222.125.255.255,65536,27/04/05,
222.126.128.0,222.126.255.255,32768,30/08/06,
222.128.0.0,222.131.255.255,262144,19/11/03,
222.132.0.0,222.135.255.255,262144,11/12/03,
222.136.0.0,222.143.255.255,524288,09/12/03,
222.160.0.0,222.161.255.255,131072,12/12/03,
222.162.0.0,222.162.255.255,65536,12/12/03,
222.163.0.0,222.163.31.255,8192,12/12/03,
222.163.32.0,222.163.63.255,8192,03/08/05,
222.163.64.0,222.163.127.255,16384,03/08/05,
222.163.128.0,222.163.255.255,32768,03/08/05,
222.168.0.0,222.169.255.255,131072,26/02/04,
222.170.0.0,222.171.255.255,131072,05/03/04,
222.172.0.0,222.172.127.255,32768,05/03/04,
222.172.128.0,222.172.255.255,32768,21/06/04,
222.173.0.0,222.173.255.255,65536,16/03/04,
222.174.0.0,222.175.255.255,131072,16/03/04,
222.176.0.0,222.183.255.255,524288,03/02/04,
222.184.0.0,222.191.255.255,524288,23/02/04,
222.192.0.0,222.195.255.255,262144,04/03/04,
222.196.0.0,222.197.255.255,131072,10/06/04,
222.198.0.0,222.198.255.255,65536,10/06/04,
222.199.0.0,222.199.255.255,65536,10/08/04,
222.200.0.0,222.203.255.255,262144,07/07/04,
222.204.0.0,222.205.255.255,131072,16/07/04,
222.206.0.0,222.207.255.255,131072,19/05/05,
222.208.0.0,222.215.255.255,524288,17/03/04,
222.216.0.0,222.217.255.255,131072,24/03/04,
222.218.0.0,222.218.255.255,65536,24/03/04,
222.219.0.0,222.219.255.255,65536,21/06/04,
222.220.0.0,222.221.255.255,131072,21/06/04,
222.222.0.0,222.223.255.255,131072,28/04/04,
222.240.0.0,222.247.255.255,524288,26/03/04,
222.248.0.0,222.248.255.255,65536,27/04/04,
222.249.0.0,222.249.127.255,32768,21/07/04,
222.249.128.0,222.249.159.255,8192,21/07/04,
222.249.160.0,222.249.175.255,4096,21/07/04,
222.249.176.0,222.249.191.255,4096,11/05/05,
222.249.192.0,222.249.255.255,16384,11/05/05,
223.0.0.0,223.1.255.255,131072,31/03/11,
223.2.0.0,223.3.255.255,131072,12/07/10,
223.4.0.0,223.7.255.255,262144,07/07/10,
223.8.0.0,223.15.255.255,524288,01/07/10,
223.20.0.0,223.21.255.255,131072,06/08/10,
223.64.0.0,223.95.255.255,2097152,01/07/10,
223.96.0.0,223.111.255.255,1048576,01/07/10,
223.112.0.0,223.115.255.255,262144,01/07/10,
223.116.0.0,223.117.255.255,131072,01/07/10,
223.120.0.0,223.127.255.255,524288,01/07/10,
223.128.0.0,223.129.255.255,131072,12/07/10,
223.144.0.0,223.159.255.255,1048576,14/09/10,
223.160.0.0,223.163.255.255,262144,08/07/10,
223.166.0.0,223.167.255.255,131072,13/07/10,
223.192.0.0,223.193.255.255,131072,28/07/10,
223.198.0.0,223.199.255.255,131072,02/08/10,
223.201.0.0,223.201.255.255,65536,21/07/10,
223.202.0.0,223.203.255.255,131072,13/07/10,
223.208.0.0,223.211.255.255,262144,02/08/10,
223.212.0.0,223.213.255.255,131072,02/08/10,
223.214.0.0,223.215.255.255,131072,03/08/10,
223.220.0.0,223.221.255.255,131072,23/07/10,
223.223.176.0,223.223.191.255,4096,13/08/10,
223.223.192.0,223.223.207.255,4096,06/08/10,
223.240.0.0,223.247.255.255,524288,03/08/10,
223.248.0.0,223.251.255.255,262144,13/07/10,
223.252.128.0,223.252.255.255,32768,31/01/11,
223.254.0.0,223.254.255.255,65536,23/07/10,
223.255.0.0,223.255.127.255,32768,10/08/10,

