2.0.0.0,2.15.255.255,1048576,12/07/10,Orange S.A.
5.39.0.0,5.39.127.255,32768,15/05/12,OVH SAS
5.42.160.0,5.42.191.255,8192,18/05/12,
5.48.0.0,5.51.255.255,262144,22/05/12,Bouygues Telecom SA
5.57.96.0,5.57.127.255,8192,01/06/12,SOCIETE REUNIONNAISE DU RADIOTELEPHONE SCS
5.135.0.0,5.135.255.255,65536,06/07/12,OVH SAS
5.149.176.0,5.149.191.255,4096,17/07/12,SAS FLOW LINE
5.158.240.0,5.158.255.255,4096,27/07/12,WIBOX SASU
5.187.96.0,5.187.127.255,8192,10/08/12,Mediaserv
5.196.0.0,5.196.255.255,65536,23/08/12,OVH SAS
5.198.192.0,5.198.223.255,8192,10/09/12,HOPUS SAS
31.29.96.0,31.29.127.255,8192,10/03/11,HEXANET SAS
31.32.0.0,31.39.255.255,524288,01/02/11,Bouygues Telecom SA
31.44.208.0,31.44.223.255,4096,07/03/11,DOCAPOST BPO SAS
31.216.16.0,31.216.31.255,4096,09/05/11,Les Nouveaux Constructeurs SA
37.1.240.0,37.1.255.255,4096,13/12/11,sas alsatis
37.8.160.0,37.8.191.255,8192,14/12/11,Free Mobile SAS
37.18.160.0,37.18.175.255,4096,20/12/11,ADISTA SAS
37.58.128.0,37.58.255.255,32768,17/01/12,ADISTA SAS
37.59.0.0,37.59.255.255,65536,16/01/12,OVH SAS
37.60.48.0,37.60.63.255,4096,18/01/12,JRCG INVEST SARL
37.64.0.0,37.71.255.255,524288,17/01/12,SFR
37.72.192.0,37.72.255.255,16384,27/01/12,NordNet
37.77.32.0,37.77.47.255,4096,01/02/12,HOPUS SAS
37.97.64.0,37.97.95.255,8192,02/02/12,Sewan Communications S.A.S.
37.97.96.0,37.97.111.255,4096,02/02/12,Sewan Communications S.A.S.
37.160.0.0,37.175.255.255,1048576,08/03/12,Free Mobile SAS
37.187.0.0,37.187.255.255,65536,20/03/12,OVH SAS
37.220.48.0,37.220.63.255,4096,03/04/12,WIBOX SASU
46.20.160.0,46.20.175.255,4096,04/10/10,ADISTA SAS
46.21.112.0,46.21.127.255,4096,04/11/10,Les Nouveaux Constructeurs SA
46.21.128.0,46.21.143.255,4096,04/11/10,GALOP TELECOM
46.21.192.0,46.21.207.255,4096,11/11/10,SAS CTS Computers and Telecommunications Systems
46.22.80.0,46.22.95.255,4096,25/11/10,sas alsatis
46.22.192.0,46.22.207.255,4096,30/11/10,720 degres
46.23.240.0,46.23.255.255,4096,13/12/10,MOBIQUITHINGS SAS
46.33.160.0,46.33.191.255,8192,10/09/10,Index Education SAS
46.35.0.0,46.35.31.255,8192,07/10/10,COMPLETEL SAS
46.105.0.0,46.105.255.255,65536,29/11/10,OVH SAS
46.162.128.0,46.162.191.255,16384,29/11/10,WIBOX SASU
46.165.64.0,46.165.127.255,16384,13/12/10,SFR COLLECTIVITES SA
46.192.0.0,46.193.255.255,131072,09/12/10,Wifirst S.A.S.
46.218.0.0,46.218.255.255,65536,18/01/11,COMPLETEL SAS France
46.238.128.0,46.238.191.255,16384,04/02/11,Mediaserv
46.252.176.0,46.252.191.255,4096,22/12/10,"PROCEAU" s.a.r.l.
51.254.0.0,51.255.255.255,131072,01/09/93,
62.4.0.0,62.4.31.255,8192,13/05/97,ONLINE S.A.S.
62.8.0.0,62.8.31.255,8192,02/05/97,Societe Francaise du Radiotelephone S.A.
62.34.0.0,62.35.255.255,131072,09/10/02,Bouygues Telecom SA
62.39.0.0,62.39.255.255,65536,07/06/01,Societe Francaise du Radiotelephone S.A.
62.62.128.0,62.62.255.255,32768,27/04/01,Societe Francaise du Radiotelephone S.A.
62.64.32.0,62.64.63.255,8192,19/08/08,WIBOX SASU
62.73.0.0,62.73.31.255,8192,06/07/00,Axinet Communication sarl
62.85.128.0,62.85.159.255,8192,22/10/08,SFR COLLECTIVITES SA
62.100.128.0,62.100.159.255,8192,04/03/08,SAS CTS Computers and Telecommunications Systems
62.102.224.0,62.102.255.255,8192,10/03/11,ADISTA SAS
62.106.64.0,62.106.95.255,8192,31/08/00,AVENIR TELECOM S.A.
62.106.128.0,62.106.255.255,32768,07/02/01,Societe Francaise du Radiotelephone S.A.
62.129.0.0,62.129.31.255,8192,14/04/09,SIPARTECH SAS
62.129.160.0,62.129.191.255,8192,05/03/02,NC Numericable S.A.
62.147.0.0,62.147.255.255,65536,13/09/01,Free SAS
62.160.0.0,62.160.255.255,65536,01/05/97,Orange S.A.
62.161.0.0,62.161.255.255,65536,29/07/98,Orange S.A.
62.193.32.0,62.193.63.255,8192,28/04/03,Stella Telecom SAS
62.193.192.0,62.193.255.255,16384,20/01/03,AMEN
62.201.128.0,62.201.159.255,8192,30/08/00,Bouygues Telecom SA
62.210.0.0,62.210.255.255,65536,26/10/00,ONLINE S.A.S.
62.212.96.0,62.212.127.255,8192,03/10/01,Nerim SAS
62.213.160.0,62.213.191.255,8192,05/04/02,PARITEL OPERATEUR SASU
62.217.0.0,62.217.31.255,8192,18/07/00,EASYNET SAS
62.233.32.0,62.233.63.255,8192,26/05/03,Azuria
62.240.224.0,62.240.255.255,8192,27/05/03,Claranet France
62.241.64.0,62.241.127.255,16384,17/03/03,NC Numericable S.A.
62.244.64.0,62.244.127.255,16384,16/09/02,BLUEGIX
77.84.0.0,77.84.255.255,65536,09/03/07,SFR COLLECTIVITES SA
77.104.0.0,77.104.63.255,16384,24/11/06,B3G Telecom
77.111.192.0,77.111.207.255,4096,08/02/07,Very Games SARL
77.111.240.0,77.111.255.255,4096,08/02/07,Very Games SARL
77.128.0.0,77.159.255.255,2097152,31/08/10,SFR
77.192.0.0,77.207.255.255,1048576,30/11/06,Societe Francaise du Radiotelephone S.A.
77.233.96.0,77.233.127.255,8192,19/12/06,SFR COLLECTIVITES SA
77.240.192.0,77.240.207.255,4096,18/01/07,E-TERA
77.245.128.0,77.245.143.255,4096,26/04/07,IP Telecom SARL
77.246.80.0,77.246.95.255,4096,10/05/07,720 degres
78.108.224.0,78.108.239.255,4096,02/07/07,MOBIUS TECHNOLOGY
78.109.80.0,78.109.95.255,4096,05/07/07,Claranet France
78.109.240.0,78.109.255.255,4096,30/07/07,Stella Telecom SAS
78.112.0.0,78.127.255.255,1048576,03/05/07,Societe Francaise du Radiotelephone S.A.
78.152.128.0,78.152.159.255,8192,26/06/09,Capaix Connectic
78.155.128.0,78.155.159.255,8192,31/07/07,COMPLETEL SAS
78.159.0.0,78.159.31.255,8192,13/09/07,SFR COLLECTIVITES SA
78.192.0.0,78.255.255.255,4194304,15/03/07,Free SAS
79.80.0.0,79.95.255.255,1048576,17/07/07,Societe Francaise du Radiotelephone S.A.
79.132.32.0,79.132.63.255,8192,25/09/07,SFR COLLECTIVITES SA
79.141.0.0,79.141.15.255,4096,12/10/07,Alphalink
79.141.192.0,79.141.207.255,4096,26/10/07,NordNet
79.143.128.0,79.143.143.255,4096,23/11/07,SAS Neo Services
79.143.240.0,79.143.255.255,4096,29/11/07,Absolight
79.174.192.0,79.174.255.255,16384,15/01/09,COMPLETEL SAS
80.8.0.0,80.15.255.255,524288,03/05/01,Orange S.A.
80.64.224.0,80.64.239.255,4096,11/05/01,e-Qual
80.65.224.0,80.65.239.255,4096,15/05/01,Nerim SAS
80.67.160.0,80.67.175.255,4096,21/05/01,Association "Gitoyen"
80.67.176.0,80.67.191.255,4096,14/09/01,Association "Gitoyen"
80.69.208.0,80.69.223.255,4096,09/12/04,MOBIUS TECHNOLOGY
80.70.32.0,80.70.47.255,4096,31/05/01,COMPLETEL SAS
80.70.208.0,80.70.223.255,4096,04/01/05,Rentabiliweb Telecom
80.74.64.0,80.74.79.255,4096,18/06/01,Oceanet Technology SAS
80.77.224.0,80.77.239.255,4096,03/07/01,Newel Informatique
80.78.0.0,80.78.15.255,4096,03/07/01,ATOS INFOGERANCE SAS
80.82.224.0,80.82.239.255,4096,18/07/08,SM Etude Devel Sces Reseaux Com
80.87.224.0,80.87.239.255,4096,27/08/01,Actimage Consulting SAS
80.89.112.0,80.89.127.255,4096,27/05/05,Rentabiliweb Telecom
80.93.80.0,80.93.95.255,4096,11/07/05,Ikoula Net SAS
80.94.176.0,80.94.191.255,4096,04/08/05,CEGEDIM S.A.
80.118.0.0,80.119.255.255,131072,30/08/01,Societe Francaise du Radiotelephone S.A.
80.124.0.0,80.124.255.255,65536,25/09/01,Societe Francaise du Radiotelephone S.A.
80.125.0.0,80.125.127.255,32768,25/09/01,Societe Francaise du Radiotelephone S.A.
80.125.128.0,80.125.191.255,16384,25/09/01,SFR
80.125.192.0,80.125.255.255,16384,25/09/01,Societe Francaise du Radiotelephone S.A.
80.185.0.0,80.185.255.255,65536,12/07/06,SFR COLLECTIVITES SA
80.214.0.0,80.215.255.255,131072,01/02/02,Bouygues Telecom SA
80.236.0.0,80.236.127.255,32768,31/10/01,NC Numericable S.A.
80.243.240.0,80.243.255.255,4096,22/09/05,Outremer Telecom
80.245.16.0,80.245.31.255,4096,03/10/05,VIA-NUMERICA
80.245.32.0,80.245.47.255,4096,05/11/01,
80.245.48.0,80.245.63.255,4096,19/12/02,
80.247.224.0,80.247.239.255,4096,13/11/01,NFrance Conseil
80.248.208.0,80.248.223.255,4096,08/11/05,Nerim SAS
80.251.96.0,80.251.111.255,4096,19/12/05,VIVACTION - Groupe ITN France
81.1.0.0,81.1.63.255,16384,24/12/01,Societe Francaise du Radiotelephone S.A.
81.14.0.0,81.14.127.255,32768,20/04/10,Herault Telecom
81.18.176.0,81.18.191.255,4096,29/12/05,LASOTEL SARL
81.19.16.0,81.19.31.255,4096,06/01/06,NETWORTH TELECOM SA
81.20.208.0,81.20.223.255,4096,11/01/06,NordNet
81.23.32.0,81.23.47.255,4096,26/02/02,HEXANET SAS
81.25.192.0,81.25.207.255,4096,26/03/02,
81.27.16.0,81.27.31.255,4096,08/03/06,BPL Global EMEA SAS
81.28.96.0,81.28.111.255,4096,17/03/06,IMINGO SERVICES
81.28.192.0,81.28.207.255,4096,23/04/02,K-NET SARL
81.48.0.0,81.55.255.255,524288,25/03/02,Orange S.A.
81.56.0.0,81.57.255.255,131072,15/11/02,Free SAS
81.64.0.0,81.67.255.255,262144,03/01/02,NC Numericable S.A.
81.80.0.0,81.80.255.255,65536,26/03/02,Orange S.A.
81.88.96.0,81.88.111.255,4096,14/06/02,WITBE NET S.A.
81.91.64.0,81.91.79.255,4096,16/07/02,Ecritel
81.92.80.0,81.92.95.255,4096,03/05/06,ECHO MARQUES
81.92.112.0,81.92.127.255,4096,03/05/06,EMAILVISION
81.93.0.0,81.93.15.255,4096,05/08/02,Sewan Communications S.A.S.
81.93.16.0,81.93.31.255,4096,06/06/05,Sewan Communications S.A.S.
81.93.176.0,81.93.191.255,4096,11/05/06,
81.93.240.0,81.93.255.255,4096,12/05/06,SAS CTS Computers and Telecommunications Systems
81.185.0.0,81.185.255.255,65536,30/12/02,Societe Francaise du Radiotelephone S.A.
81.194.0.0,81.194.255.255,65536,08/08/02,Renater
81.200.32.0,81.200.47.255,4096,24/09/02,XSALTO
81.200.176.0,81.200.191.255,4096,08/06/06,Re:Sources France SAS
81.201.176.0,81.201.191.255,4096,21/06/06,Oxymium
81.220.0.0,81.220.255.255,65536,22/11/02,NC Numericable S.A.
81.248.0.0,81.255.255.255,524288,13/02/03,Orange S.A.
82.64.0.0,82.67.255.255,262144,03/04/03,Free SAS
82.96.128.0,82.96.191.255,16384,26/11/03,Graal Network S.a.R.L.
82.97.0.0,82.97.63.255,16384,28/11/03,TAS France
82.98.0.0,82.98.63.255,16384,04/12/03,Ozone SAS
82.101.0.0,82.101.63.255,16384,18/12/03,B3G Telecom
82.120.0.0,82.127.255.255,524288,21/10/03,Orange S.A.
82.138.64.0,82.138.127.255,16384,17/07/03,
82.142.0.0,82.142.63.255,16384,04/09/03,ONLINE S.A.S.
82.151.0.0,82.151.31.255,8192,19/04/10,SFR COLLECTIVITES SA
82.197.96.0,82.197.127.255,8192,14/10/10,MOBIUS TECHNOLOGY
82.216.0.0,82.216.255.255,65536,22/10/03,NC Numericable S.A.
82.224.0.0,82.255.255.255,2097152,04/11/03,Free SAS
83.68.96.0,83.68.127.255,8192,14/05/04,SANEF (Societe des Autoroutes du Nord et de l'Est de la France)
83.112.0.0,83.115.255.255,262144,12/12/03,Orange S.A.
83.141.128.0,83.141.255.255,32768,26/10/04,NC Numericable S.A.
83.144.0.0,83.144.63.255,16384,14/01/04,VIAPASS SAS
83.145.64.0,83.145.127.255,16384,30/01/04,COMPLETEL SAS France
83.152.0.0,83.159.255.255,524288,23/01/04,ONLINE S.A.S.
83.167.32.0,83.167.63.255,8192,15/06/04,Neo Telecoms S.A.S.
83.167.128.0,83.167.159.255,8192,17/06/04,Alphalink
83.169.64.0,83.169.127.255,16384,15/04/04,PROSODIE SAS
83.173.64.0,83.173.127.255,16384,07/05/04,HELIANTIS SAS
83.192.0.0,83.207.255.255,1048576,12/12/03,Orange S.A.
83.214.0.0,83.214.255.255,65536,24/03/04,ONLINE S.A.S.
84.4.0.0,84.7.255.255,262144,03/09/04,Societe Francaise du Radiotelephone S.A.
84.14.0.0,84.14.255.255,65536,23/07/04,
84.22.64.0,84.22.95.255,8192,21/09/04,Eutelsat S.A.
84.37.0.0,84.37.255.255,65536,17/09/04,EASYNET SAS
84.39.32.0,84.39.63.255,8192,31/08/12,Cloudwatt S.A.S.
84.55.128.0,84.55.191.255,16384,19/11/04,COMPLETEL SAS
84.96.0.0,84.103.255.255,524288,01/04/04,Societe Francaise du Radiotelephone S.A.
84.205.128.0,84.205.159.255,8192,17/11/04,
84.239.64.0,84.239.127.255,16384,04/08/11,Oceanet Technology SAS
85.10.128.0,85.10.191.255,16384,22/02/05,AMEN
85.12.128.0,85.12.191.255,16384,11/03/05,Phibee Telecom SARL
85.14.128.0,85.14.191.255,16384,11/04/05,AXIONE S.A.S.
85.68.0.0,85.69.255.255,131072,05/10/04,NC Numericable S.A.
85.95.192.0,85.95.223.255,8192,21/01/05,VIALIS - REGIE MUNICIPALE DE COLMAR
85.116.32.0,85.116.63.255,8192,08/03/05,LAGARDERE ACTIVE DIGITAL SAS
85.117.128.0,85.117.159.255,8192,08/12/10,SFR COLLECTIVITES SA
85.118.32.0,85.118.63.255,8192,04/04/05,Lost Oasis SARL
85.168.0.0,85.171.255.255,262144,21/12/04,NC Numericable S.A.
85.192.192.0,85.192.255.255,16384,15/12/04,SFR COLLECTIVITES SA
85.203.64.0,85.203.127.255,16384,12/01/05,Ozone SAS
85.233.192.0,85.233.223.255,8192,25/04/05,
85.237.96.0,85.237.127.255,8192,25/05/05,SprintLink France SAS
86.63.224.0,86.63.255.255,8192,29/06/05,SFR COLLECTIVITES SA
86.64.0.0,86.79.255.255,1048576,02/03/05,Societe Francaise du Radiotelephone S.A.
86.192.0.0,86.255.255.255,4194304,02/03/05,Orange S.A.
87.88.0.0,87.91.255.255,262144,03/06/05,Bouygues Telecom SA
87.98.128.0,87.98.255.255,32768,15/08/05,OVH SAS
87.100.0.0,87.100.127.255,32768,12/09/05,SFR COLLECTIVITES SA
87.231.0.0,87.231.127.255,32768,26/07/05,NC Numericable S.A.
87.231.128.0,87.231.255.255,32768,19/12/05,NC Numericable S.A.
87.240.64.0,87.240.127.255,16384,22/06/05,GALOP TELECOM
87.252.0.0,87.252.31.255,8192,15/09/05,OXYD SARL
87.255.128.0,87.255.159.255,8192,10/11/05,Societe Francaise du Radiotelephone S.A.
88.86.224.0,88.86.255.255,8192,15/02/06,SCGS
88.120.0.0,88.127.255.255,524288,19/08/05,ONLINE S.A.S.
88.136.0.0,88.143.255.255,524288,16/09/05,Societe Francaise du Radiotelephone S.A.
88.160.0.0,88.191.255.255,2097152,03/10/05,Free SAS
88.219.0.0,88.219.255.255,65536,24/11/05,SFR COLLECTIVITES SA
89.2.0.0,89.3.255.255,131072,16/05/06,NC Numericable S.A.
89.16.0.0,89.16.31.255,8192,23/06/06,Outremer Telecom
89.80.0.0,89.95.255.255,1048576,23/02/06,Bouygues Telecom SA
89.156.0.0,89.159.255.255,262144,11/04/06,NC Numericable S.A.
89.170.0.0,89.170.255.255,65536,27/02/06,SFR COLLECTIVITES SA
89.185.32.0,89.185.63.255,8192,06/04/06,Claranet France
89.185.160.0,89.185.191.255,8192,12/04/06,SFR COLLECTIVITES SA
89.224.0.0,89.227.255.255,262144,20/04/06,COMPLETEL SAS France
89.234.128.0,89.234.191.255,16384,23/05/06,OPDOP SCIC
89.237.64.0,89.237.127.255,16384,21/06/06,Societe Francaise du Radiotelephone S.A.
89.248.208.0,89.248.223.255,4096,12/07/06,ODISO
89.251.48.0,89.251.63.255,4096,01/09/06,Acropolis Telecom SA
90.0.0.0,90.127.255.255,8388608,02/03/06,Orange S.A.
91.68.0.0,91.71.255.255,262144,11/08/06,SFR
91.88.0.0,91.88.255.255,65536,26/07/06,SFR COLLECTIVITES SA
91.91.0.0,91.91.255.255,65536,03/08/06,SFR COLLECTIVITES SA
91.109.176.0,91.109.191.255,4096,19/06/12,HOPUS SAS
91.121.0.0,91.121.255.255,65536,20/09/06,OVH SAS
91.123.112.0,91.123.127.255,4096,06/03/07,
91.135.176.0,91.135.191.255,4096,21/11/06,Caisse Nationale des Caisses d'Epargne et de Prevoyance
91.151.48.0,91.151.63.255,4096,06/12/06,Veepee SAS
91.151.64.0,91.151.79.255,4096,07/12/06,Conseils et Systemes Informatiques
91.151.112.0,91.151.127.255,4096,11/12/06,COMPLETEL SAS
91.160.0.0,91.175.255.255,1048576,25/08/06,ONLINE S.A.S.
91.188.64.0,91.188.95.255,8192,11/05/07,Ecritel
91.191.144.0,91.191.159.255,4096,12/01/09,SAS CTS Computers and Telecommunications Systems
92.39.240.0,92.39.255.255,4096,07/01/10,ELB multimedia
92.49.64.0,92.49.127.255,16384,27/11/07,Outremer Telecom
92.61.128.0,92.61.143.255,4096,21/12/07,Ozone SAS
92.61.160.0,92.61.175.255,4096,27/12/07,RTLNET
92.88.0.0,92.95.255.255,524288,17/10/07,SFR
92.102.0.0,92.103.255.255,131072,04/04/08,COMPLETEL SAS France
92.128.0.0,92.191.255.255,4194304,12/07/07,Orange S.A.
92.222.0.0,92.222.255.255,65536,17/10/07,OVH SAS
92.243.0.0,92.243.31.255,8192,10/01/08,GANDI SAS
92.245.128.0,92.245.159.255,8192,15/02/08,sas alsatis
93.0.0.0,93.31.255.255,2097152,30/10/07,Societe Francaise du Radiotelephone S.A.
93.121.128.0,93.121.255.255,32768,04/03/08,Mediaserv
93.158.0.0,93.158.63.255,16384,27/05/08,iBrowse SARL
93.176.0.0,93.176.63.255,16384,18/02/08,MOBIUS TECHNOLOGY
93.182.192.0,93.182.255.255,16384,15/05/08,SFR COLLECTIVITES SA
93.184.32.0,93.184.47.255,4096,23/05/08,Nerim SAS
94.23.0.0,94.23.255.255,65536,15/07/08,OVH SAS
94.100.160.0,94.100.175.255,4096,30/07/08,Alionis
94.103.128.0,94.103.143.255,4096,15/09/08,Neo Telecoms S.A.S.
94.140.0.0,94.140.31.255,8192,28/11/08,Auvea Ingenierie
94.228.176.0,94.228.191.255,4096,05/11/08,CELESTE
94.238.0.0,94.239.255.255,131072,07/10/08,Bouygues Telecom SA
95.81.128.0,95.81.191.255,16384,28/11/08,SMARTJOG SAS
95.136.128.0,95.136.255.255,32768,03/03/09,SFR COLLECTIVITES SA
95.138.0.0,95.138.127.255,32768,23/03/09,Mediaserv
95.140.0.0,95.140.15.255,4096,21/01/09,Alphalink
95.141.96.0,95.141.111.255,4096,03/06/09,Stella Telecom SAS
95.141.112.0,95.141.127.255,4096,03/06/09,UNIMEDIA-SERVICES
95.142.160.0,95.142.175.255,4096,04/08/09,GANDI SAS
95.157.128.0,95.157.191.255,16384,01/04/09,ARMOR CONNECTIC SAS
95.157.192.0,95.157.255.255,16384,01/04/09,SFR COLLECTIVITES SA
95.168.0.0,95.168.31.255,8192,11/12/08,SFR COLLECTIVITES SA
95.170.16.0,95.170.31.255,4096,30/01/09,BUDGET TELECOM SA
95.170.32.0,95.170.63.255,8192,02/02/09,NordNet
95.171.128.0,95.171.159.255,8192,24/02/09,SFR COLLECTIVITES SA
95.174.160.0,95.174.191.255,8192,24/03/09,SFR COLLECTIVITES SA
95.175.160.0,95.175.191.255,8192,06/04/09,SFR COLLECTIVITES SA
95.176.0.0,95.176.127.255,32768,02/01/09,Herault Telecom
109.0.0.0,109.31.255.255,2097152,13/08/09,Societe Francaise du Radiotelephone S.A.
109.62.0.0,109.62.127.255,32768,23/12/09,Outremer Telecom
109.74.80.0,109.74.95.255,4096,28/10/09,AXIONE S.A.S.
109.94.32.0,109.94.63.255,8192,27/10/09,
109.106.64.0,109.106.95.255,8192,22/09/09,NordNet
109.122.128.0,109.122.191.255,16384,01/10/09,SOCIETE REUNIONNAISE DU RADIOTELEPHONE SCS
109.190.0.0,109.190.255.255,65536,16/09/11,OVH SAS
109.203.64.0,109.203.95.255,8192,01/03/10,NEO CENTER EST SARL
109.208.0.0,109.223.255.255,1048576,07/10/09,Orange S.A.
109.236.192.0,109.236.207.255,4096,22/12/09,Quant House SAS
109.237.240.0,109.237.255.255,4096,19/01/10,ADISTA SAS
109.238.0.0,109.238.15.255,4096,20/01/10,Ikoula Net SAS
109.239.112.0,109.239.127.255,4096,04/02/10,IDLINE SAS
109.239.144.0,109.239.159.255,4096,05/02/10,NitroServ SARL
128.78.0.0,128.79.255.255,131072,18/11/11,Bouygues Telecom SA
128.93.0.0,128.93.255.255,65536,05/04/04,
128.127.128.0,128.127.143.255,4096,17/10/11,ADISTA SAS
128.140.128.0,128.140.143.255,4096,11/10/11,EUTELSAT S.A.
129.20.0.0,129.20.255.255,65536,14/07/87,
129.88.0.0,129.88.255.255,65536,15/10/87,
129.102.0.0,129.102.255.255,65536,30/10/87,
129.104.0.0,129.104.255.255,65536,04/11/87,
129.175.0.0,129.175.255.255,65536,12/01/87,
129.181.0.0,129.181.255.255,65536,18/01/88,
129.182.0.0,129.182.255.255,65536,18/01/88,
129.183.0.0,129.183.255.255,65536,18/01/88,
129.184.0.0,129.184.255.255,65536,18/01/88,
129.185.0.0,129.185.255.255,65536,18/01/88,
129.199.0.0,129.199.255.255,65536,12/02/88,
130.0.96.0,130.0.127.255,8192,14/10/11,ARMOR CONNECTIC SAS
130.66.0.0,130.66.255.255,65536,01/01/84,
130.79.0.0,130.79.255.255,65536,27/06/88,
130.84.0.0,130.84.255.255,65536,05/07/88,
130.98.0.0,130.98.255.255,65536,01/04/05,
130.120.0.0,130.120.255.255,65536,01/09/93,
130.131.0.0,130.131.255.255,65536,12/08/88,
130.190.0.0,130.190.255.255,65536,20/09/88,
131.254.0.0,131.254.255.255,65536,14/02/89,
132.149.0.0,132.149.255.255,65536,16/02/89,
132.165.0.0,132.165.255.255,65536,27/02/89,
132.166.0.0,132.166.255.255,65536,27/02/89,
132.167.0.0,132.167.255.255,65536,27/02/89,
132.168.0.0,132.168.255.255,65536,27/02/89,
132.169.0.0,132.169.255.255,65536,27/02/89,
132.227.0.0,132.227.255.255,65536,17/03/89,
134.59.0.0,134.59.255.255,65536,05/05/89,
134.157.0.0,134.157.255.255,65536,19/06/89,
134.158.0.0,134.158.255.255,65536,20/06/89,
134.206.0.0,134.206.255.255,65536,21/07/88,
134.212.0.0,134.212.255.255,65536,24/07/89,
134.214.0.0,134.214.255.255,65536,25/07/89,
134.227.0.0,134.227.255.255,65536,03/08/89,
134.246.0.0,134.246.255.255,65536,15/06/88,
135.1.0.0,135.1.255.255,65536,30/04/96,
135.2.0.0,135.3.255.255,131072,30/04/96,
135.4.0.0,135.7.255.255,262144,30/04/96,
135.13.0.0,135.13.255.255,65536,05/02/03,
135.18.0.0,135.18.255.255,65536,30/04/96,
135.85.0.0,135.85.255.255,65536,30/04/96,
135.86.0.0,135.87.255.255,131072,30/04/96,
135.88.0.0,135.88.255.255,65536,30/04/96,
135.92.0.0,135.92.255.255,65536,30/04/96,
135.93.0.0,135.93.255.255,65536,30/04/96,
135.103.0.0,135.103.255.255,65536,30/04/96,
135.104.0.0,135.104.255.255,65536,30/04/96,
135.109.0.0,135.109.255.255,65536,30/04/96,
135.111.0.0,135.111.255.255,65536,30/04/96,
135.112.0.0,135.112.255.255,65536,30/04/96,
135.114.0.0,135.115.255.255,131072,30/04/96,
135.116.0.0,135.119.255.255,262144,30/04/96,
135.120.0.0,135.121.255.255,131072,30/04/96,
135.140.0.0,135.140.255.255,65536,13/04/89,
135.171.0.0,135.171.255.255,65536,30/04/96,
135.183.0.0,135.183.255.255,65536,30/04/96,
135.185.0.0,135.185.255.255,65536,30/04/96,
135.220.0.0,135.223.255.255,262144,30/04/96,
135.224.0.0,135.255.255.255,2097152,30/04/96,
137.121.0.0,137.121.255.255,65536,21/11/89,
137.129.0.0,137.129.255.255,65536,28/11/89,
137.194.0.0,137.194.255.255,65536,21/12/89,
138.21.0.0,138.21.255.255,65536,25/01/90,
138.63.0.0,138.63.255.255,65536,07/02/90,
138.96.0.0,138.96.255.255,65536,23/04/90,
138.102.0.0,138.102.255.255,65536,24/04/90,
138.120.0.0,138.120.255.255,65536,08/05/15,
138.195.0.0,138.195.255.255,65536,23/05/90,
138.231.0.0,138.231.255.255,65536,05/06/90,
139.54.0.0,139.54.255.255,65536,26/06/90,
139.100.0.0,139.100.255.255,65536,15/02/90,
139.124.0.0,139.124.255.255,65536,12/09/90,
139.158.0.0,139.158.255.255,65536,01/09/93,
139.160.0.0,139.160.255.255,65536,29/12/92,
140.77.0.0,140.77.255.255,65536,09/04/90,
140.93.0.0,140.93.255.255,65536,12/04/90,
140.94.0.0,140.94.255.255,65536,01/09/93,
141.115.0.0,141.115.255.255,65536,17/07/90,
141.175.0.0,141.175.255.255,65536,07/02/95,
141.194.0.0,141.194.255.255,65536,27/07/90,
141.227.0.0,141.227.255.255,65536,05/11/99,
143.126.0.0,143.126.255.255,65536,19/09/90,
143.196.0.0,143.196.255.255,65536,08/10/90,
144.56.0.0,144.56.255.255,65536,13/11/90,
144.165.0.0,144.165.255.255,65536,01/04/05,
144.204.0.0,144.204.255.255,65536,20/12/90,
145.226.0.0,145.226.255.255,65536,13/05/93,
145.231.0.0,145.231.255.255,65536,09/06/93,
145.238.0.0,145.238.255.255,65536,26/07/93,
145.240.0.0,145.240.255.255,65536,06/08/93,
145.242.0.0,145.242.255.255,65536,11/08/93,
145.248.0.0,145.248.255.255,65536,08/09/93,
146.19.0.0,146.19.255.255,65536,18/01/91,
146.249.0.0,146.249.255.255,65536,06/03/91,
147.94.0.0,147.94.255.255,65536,19/07/91,
147.98.0.0,147.98.255.255,65536,19/07/91,
147.99.0.0,147.99.255.255,65536,19/07/91,
147.100.0.0,147.100.255.255,65536,19/07/91,
147.127.0.0,147.127.255.255,65536,01/04/91,
147.171.0.0,147.171.255.255,65536,20/06/91,
147.173.0.0,147.173.255.255,65536,01/07/91,
147.196.0.0,147.196.255.255,65536,11/07/91,
147.210.0.0,147.210.255.255,65536,24/07/91,
147.215.0.0,147.215.255.255,65536,24/07/91,
147.250.0.0,147.250.255.255,65536,02/08/91,
148.60.0.0,148.60.255.255,65536,09/04/91,
148.143.0.0,148.143.255.255,65536,16/04/91,
148.169.0.0,148.169.255.255,65536,09/05/91,
149.202.0.0,149.202.255.255,65536,26/04/99,OVH SAS
149.251.0.0,149.251.255.255,65536,01/04/05,
150.175.0.0,150.175.255.255,65536,22/05/91,
152.77.0.0,152.77.255.255,65536,27/08/91,
152.81.0.0,152.81.255.255,65536,27/08/91,
152.148.0.0,152.148.255.255,65536,23/08/91,
153.92.224.0,153.92.255.255,8192,23/09/91,
155.132.0.0,155.132.255.255,65536,07/11/91,
156.18.0.0,156.18.255.255,65536,06/11/91,
156.28.0.0,156.28.255.255,65536,27/11/91,
156.118.0.0,156.118.255.255,65536,08/01/92,
157.23.0.0,157.23.255.255,65536,07/04/04,
157.99.0.0,157.99.255.255,65536,07/04/04,
157.136.0.0,157.136.255.255,65536,07/04/04,
157.159.0.0,157.159.255.255,65536,07/04/04,
157.169.0.0,157.169.255.255,65536,07/04/04,
157.172.0.0,157.172.255.255,65536,07/04/04,
157.243.0.0,157.243.255.255,65536,07/04/04,
158.50.0.0,158.50.255.255,65536,14/02/92,
158.156.0.0,158.156.255.255,65536,16/03/92,
158.190.0.0,158.190.255.255,65536,31/03/92,
158.191.0.0,158.191.255.255,65536,31/03/92,
158.192.0.0,158.192.255.255,65536,31/03/92,
158.231.0.0,158.231.255.255,65536,01/04/05,
158.255.96.0,158.255.127.255,8192,15/11/11,Neo Telecoms S.A.S.
159.31.0.0,159.31.255.255,65536,02/03/92,
159.50.0.0,159.50.255.255,65536,06/03/92,
159.84.0.0,159.84.255.255,65536,23/03/92,
159.95.0.0,159.95.255.255,65536,30/03/92,
159.109.0.0,159.109.255.255,65536,01/09/93,
159.151.0.0,159.151.255.255,65536,28/04/92,
159.173.0.0,159.173.255.255,65536,12/05/92,
159.217.0.0,159.217.255.255,65536,10/06/92,
160.92.0.0,160.92.255.255,65536,05/04/04,
160.103.0.0,160.103.255.255,65536,05/04/04,
160.228.0.0,160.228.255.255,65536,05/04/04,
161.3.0.0,161.3.255.255,65536,21/04/92,
161.48.0.0,161.48.255.255,65536,20/05/92,
161.104.0.0,161.104.255.255,65536,24/06/92,
161.105.0.0,161.105.255.255,65536,24/06/92,
161.106.0.0,161.106.255.255,65536,13/03/95,
162.38.0.0,162.38.255.255,65536,20/07/92,
163.5.0.0,163.5.255.255,65536,29/06/92,
163.9.0.0,163.9.255.255,65536,29/06/92,
163.62.0.0,163.116.255.255,3604480,01/04/05,
163.173.0.0,163.173.255.255,65536,14/09/92,
164.1.0.0,164.1.255.255,65536,18/09/92,
164.2.0.0,164.2.255.255,65536,08/01/92,
164.7.0.0,164.7.255.255,65536,07/10/93,
164.60.0.0,164.60.255.255,65536,08/12/92,
164.81.0.0,164.81.255.255,65536,04/01/93,
164.129.0.0,164.129.255.255,65536,17/03/93,
164.131.0.0,164.131.255.255,65536,05/04/93,
164.177.0.0,164.177.127.255,32768,18/11/11,Bouygues Telecom SA
171.16.0.0,171.16.255.255,65536,03/03/94,
171.18.0.0,171.18.255.255,65536,08/03/94,
171.33.64.0,171.33.127.255,16384,29/06/12,Outscale SASU
176.31.0.0,176.31.255.255,65536,20/05/11,OVH SAS
176.52.224.0,176.52.239.255,4096,27/05/11,ARMOR CONNECTIC SAS
176.67.128.0,176.67.159.255,8192,10/06/11,AZNET s.a.r.l.
176.120.128.0,176.120.159.255,8192,21/06/12,
176.128.0.0,176.191.255.255,4194304,06/07/11,Bouygues Telecom SA
176.222.48.0,176.222.63.255,4096,30/11/11,SAS Neo Services
178.16.160.0,178.16.175.255,4096,04/03/10,CELESTE
178.16.240.0,178.16.255.255,4096,10/03/10,Ozone SAS
178.18.48.0,178.18.63.255,4096,09/04/10,LASOTEL SARL
178.18.176.0,178.18.191.255,4096,22/04/10,SFR COLLECTIVITES SA
178.19.0.0,178.19.15.255,4096,27/04/10,SFR COLLECTIVITES SA
178.19.128.0,178.19.143.255,4096,19/05/10,TUTOR S.A.
178.32.0.0,178.33.255.255,131072,19/01/10,OVH SAS
178.73.128.0,178.73.191.255,16384,22/03/10,NordNet
178.132.16.0,178.132.31.255,4096,28/09/11,Nerim SAS
178.170.0.0,178.170.127.255,32768,30/03/10,Ikoula Net SAS
178.208.0.0,178.208.31.255,8192,22/02/10,LEONIX TELECOM EURL
178.236.224.0,178.236.239.255,4096,16/06/10,
178.237.96.0,178.237.111.255,4096,24/06/10,Business & Decision Interactive Eolas
188.7.0.0,188.7.255.255,65536,05/03/09,SFR COLLECTIVITES SA
188.73.0.0,188.73.63.255,16384,10/07/09,Altitude Infrastructure Exploitation SAS
188.115.64.0,188.115.127.255,16384,20/05/09,Outremer Telecom
188.123.64.0,188.123.95.255,8192,09/06/09,Alliance Connectic SAS
188.130.0.0,188.130.127.255,32768,27/03/09,SAS CTS Computers and Telecommunications Systems
188.141.128.0,188.141.255.255,32768,03/06/09,SFR COLLECTIVITES SA
188.165.0.0,188.165.255.255,65536,05/06/09,OVH SAS
188.224.0.0,188.224.127.255,32768,19/06/09,SFR COLLECTIVITES SA
192.11.0.0,192.11.255.255,65536,30/04/96,
192.70.0.0,192.70.91.255,23552,01/09/93,
192.70.97.0,192.70.113.255,4352,01/09/93,
192.93.0.0,192.93.104.255,26880,01/01/84,
192.93.122.0,192.93.147.255,6656,01/01/84,
192.93.153.0,192.93.255.255,26368,01/01/84,
192.94.175.0,192.94.199.255,6400,28/02/91,
192.134.0.0,192.134.255.255,65536,21/04/93,
192.196.1.0,192.196.155.255,39680,10/03/05,
193.48.0.0,193.51.255.255,262144,01/09/93,Renater
193.52.0.0,193.52.255.255,65536,01/09/93,Renater
193.54.0.0,193.55.255.255,131072,01/09/93,Renater
193.57.184.0,193.57.199.255,4096,29/03/93,
193.139.0.0,193.139.255.255,65536,07/10/92,La Francaise des Jeux
193.149.96.0,193.149.127.255,8192,15/03/96,BT France
193.221.96.0,193.221.111.255,4096,03/11/93,
193.242.1.0,193.242.79.255,20224,26/07/93,
193.248.0.0,193.251.255.255,262144,01/09/93,Orange S.A.
193.252.0.0,193.253.255.255,131072,01/09/93,Orange S.A.
194.2.0.0,194.2.255.255,65536,27/09/93,Orange S.A.
194.3.0.0,194.3.255.255,65536,11/07/95,Orange S.A.
194.4.16.0,194.4.31.255,4096,04/10/93,
194.4.72.0,194.4.99.255,7168,06/12/93,
194.4.104.0,194.4.123.255,5120,13/12/93,
194.4.124.0,194.4.139.255,4096,22/12/93,
194.4.176.0,194.4.207.255,8192,14/01/94,
194.5.108.0,194.5.125.255,4608,06/01/95,
194.6.128.0,194.6.159.255,8192,03/01/96,Societe Francaise du Radiotelephone S.A.
194.51.0.0,194.51.63.255,16384,11/01/95,Orange S.A.
194.51.64.0,194.51.127.255,16384,19/10/95,Orange S.A.
194.51.128.0,194.51.255.255,32768,19/10/95,Orange S.A.
194.57.0.0,194.57.255.255,65536,25/05/94,Renater
194.79.128.0,194.79.159.255,8192,23/11/95,Nerim SAS
194.79.160.0,194.79.191.255,8192,05/07/96,Nerim SAS
194.98.0.0,194.98.31.255,8192,31/03/95,Verizon France SAS
194.98.32.0,194.98.47.255,4096,22/04/95,Verizon France SAS
194.98.48.0,194.98.63.255,4096,24/10/95,Verizon France SAS
194.98.64.0,194.98.127.255,16384,15/02/96,Verizon France SAS
194.98.128.0,194.98.255.255,32768,15/02/96,Verizon France SAS
194.117.192.0,194.117.207.255,4096,05/03/96,Bouygues Telecom SA
194.117.208.0,194.117.223.255,4096,05/03/96,PROSODIE SAS
194.119.0.0,194.119.127.255,32768,20/12/94,Societe Generale
194.149.160.0,194.149.191.255,8192,16/01/96,ONLINE S.A.S.
194.158.96.0,194.158.127.255,8192,06/05/97,Bouygues Telecom SA
194.167.0.0,194.167.255.255,65536,31/05/95,Renater
194.177.32.0,194.177.63.255,8192,03/06/99,
194.183.192.0,194.183.223.255,8192,27/12/95,Societe Francaise du Radiotelephone S.A.
194.199.0.0,194.199.255.255,65536,03/10/95,Renater
194.206.0.0,194.206.255.255,65536,19/10/95,Orange S.A.
194.214.0.0,194.214.255.255,65536,06/12/95,Renater
194.242.160.0,194.242.191.255,8192,04/05/99,Societe Francaise du Radiotelephone S.A.
194.250.0.0,194.250.255.255,65536,04/03/96,Orange S.A.
194.254.0.0,194.254.255.255,65536,12/03/96,Renater
195.3.0.0,195.3.63.255,16384,26/09/96,Societe Francaise du Radiotelephone S.A.
195.5.192.0,195.5.223.255,8192,23/05/97,Nerim SAS
195.5.224.0,195.5.255.255,8192,26/05/97,Nerim SAS
195.6.0.0,195.6.255.255,65536,30/07/96,Orange S.A.
195.7.96.0,195.7.127.255,8192,14/01/98,COMPLETEL SAS
195.25.0.0,195.25.255.255,65536,01/11/96,Orange S.A.
195.28.192.0,195.28.223.255,8192,20/05/97,IPLine SARL
195.36.128.0,195.36.255.255,32768,31/07/97,Bouygues Telecom SA
195.42.0.0,195.42.63.255,16384,05/08/96,
195.46.192.0,195.46.223.255,8192,16/04/97,PROSODIE SAS
195.83.0.0,195.83.31.255,8192,04/02/97,Renater
195.83.32.0,195.83.63.255,8192,11/02/97,Renater
195.83.64.0,195.83.127.255,16384,27/03/97,Renater
195.83.128.0,195.83.255.255,32768,27/03/97,Renater
195.98.96.0,195.98.127.255,8192,04/09/97,Societe Francaise du Radiotelephone S.A.
195.98.224.0,195.98.255.255,8192,09/12/97,Renater
195.101.0.0,195.101.255.255,65536,07/03/97,Orange S.A.
195.110.224.0,195.110.255.255,8192,10/12/97,GL TRADE
195.114.64.0,195.114.95.255,8192,24/02/97,EASYNET SAS
195.115.0.0,195.115.31.255,8192,26/03/97,Societe Francaise du Radiotelephone S.A.
195.115.32.0,195.115.63.255,8192,16/11/97,Societe Francaise du Radiotelephone S.A.
195.115.64.0,195.115.127.255,16384,16/11/97,Societe Francaise du Radiotelephone S.A.
195.115.128.0,195.115.255.255,32768,16/11/97,Societe Francaise du Radiotelephone S.A.
195.132.0.0,195.132.31.255,8192,20/06/96,NC Numericable S.A.
195.132.32.0,195.132.63.255,8192,06/09/99,NC Numericable S.A.
195.132.64.0,195.132.127.255,16384,06/09/99,NC Numericable S.A.
195.132.128.0,195.132.255.255,32768,06/09/99,NC Numericable S.A.
195.146.192.0,195.146.223.255,8192,28/04/97,Societe Francaise du Radiotelephone S.A.
195.146.224.0,195.146.255.255,8192,17/12/97,NordNet
195.154.0.0,195.154.255.255,65536,27/08/96,ONLINE S.A.S.
195.167.192.0,195.167.207.255,4096,05/01/98,COMPLETEL SAS France
195.167.224.0,195.167.239.255,4096,05/01/98,COMPLETEL SAS France
195.200.96.0,195.200.127.255,8192,05/08/97,Ecritel
195.200.160.0,195.200.191.255,8192,03/10/97,PacWan
195.202.0.0,195.202.31.255,8192,11/09/96,Departement De La Haute Savoie
195.220.0.0,195.220.255.255,65536,18/07/96,Renater
195.221.0.0,195.221.255.255,65536,21/10/96,Renater
195.248.0.0,195.248.31.255,8192,10/05/96,COMPLETEL SAS France
199.118.0.0,199.118.255.255,65536,30/04/96,
212.11.0.0,212.11.63.255,16384,18/03/98,EASYNET SAS
212.19.160.0,212.19.191.255,8192,12/04/99,Netplus Communication
212.23.160.0,212.23.191.255,8192,07/07/99,Societe Francaise du Radiotelephone S.A.
212.23.192.0,212.23.223.255,8192,27/08/98,Groupe IS4
212.27.32.0,212.27.63.255,8192,06/03/99,Free SAS
212.30.96.0,212.30.127.255,8192,23/08/99,Societe Francaise du Radiotelephone S.A.
212.37.192.0,212.37.223.255,8192,08/09/98,PROSODIE SAS
212.39.128.0,212.39.159.255,8192,28/05/98,COMPLETEL SAS
212.43.192.0,212.43.223.255,8192,09/09/98,Claranet France
212.43.224.0,212.43.255.255,8192,15/10/99,Claranet France
212.44.224.0,212.44.255.255,8192,04/10/99,OC3 NETWORK
212.47.224.0,212.47.255.255,8192,26/10/99,ONLINE S.A.S.
212.51.160.0,212.51.191.255,8192,20/04/99,ADISTA SAS
212.62.128.0,212.62.191.255,16384,14/05/98,ONLINE S.A.S.
212.67.32.0,212.67.47.255,4096,15/06/99,Sage FDC SAS
212.69.160.0,212.69.191.255,8192,27/07/99,Neo Telecoms S.A.S.
212.78.32.0,212.78.63.255,8192,07/06/99,Agelia
212.82.128.0,212.82.159.255,8192,03/12/98,
212.83.128.0,212.83.159.255,8192,14/12/98,ONLINE S.A.S.
212.83.160.0,212.83.191.255,8192,25/01/00,ONLINE S.A.S.
212.85.128.0,212.85.159.255,8192,14/12/98,Neuronnexion
212.94.160.0,212.94.191.255,8192,03/08/00,Societe Francaise du Radiotelephone S.A.
212.94.192.0,212.94.223.255,8192,07/05/99,H.R.Net SARL
212.95.64.0,212.95.95.255,8192,05/02/99,SdV-Plurimedia
212.99.0.0,212.99.127.255,32768,09/06/05,COMPLETEL SAS France
212.103.0.0,212.103.31.255,8192,09/11/98,COMPLETEL SAS France
212.107.64.0,212.107.95.255,8192,08/02/99,Atos Euronext Market Solutions SAS
212.121.160.0,212.121.191.255,8192,28/02/01,BT France
212.129.0.0,212.129.63.255,16384,15/03/99,ONLINE S.A.S.
212.155.0.0,212.155.255.255,65536,09/04/99,Verizon France SAS
212.157.0.0,212.157.255.255,65536,16/10/00,Verizon France SAS
212.180.0.0,212.180.127.255,32768,12/01/99,EASYNET SAS
212.194.0.0,212.195.255.255,131072,30/08/00,Bouygues Telecom SA
212.197.192.0,212.197.255.255,16384,25/08/00,Atos Euronext Market Solutions SAS
212.198.0.0,212.198.255.255,65536,19/03/98,NC Numericable S.A.
212.208.0.0,212.208.127.255,32768,06/02/98,Verizon France SAS
212.208.128.0,212.208.255.255,32768,27/11/98,Verizon France SAS
212.234.0.0,212.234.255.255,65536,16/04/98,Orange S.A.
213.11.0.0,213.11.255.255,65536,28/01/00,Verizon France SAS
213.16.0.0,213.16.31.255,8192,30/06/99,Mediaserv
213.30.128.0,213.30.191.255,16384,04/10/00,COMPLETEL SAS France
213.36.0.0,213.36.63.255,16384,13/08/99,ONLINE S.A.S.
213.36.64.0,213.36.127.255,16384,30/11/99,ONLINE S.A.S.
213.36.128.0,213.36.255.255,32768,24/05/00,ONLINE S.A.S.
213.41.128.0,213.41.255.255,32768,05/07/02,Nerim SAS
213.44.0.0,213.44.255.255,65536,26/08/99,Bouygues Telecom SA
213.55.0.0,213.55.63.255,16384,11/11/10,SOCIETE REUNIONNAISE DU RADIOTELEPHONE SCS
213.56.0.0,213.56.255.255,65536,02/08/99,Orange S.A.
213.90.128.0,213.90.255.255,32768,08/08/01,Atos Euronext Market Solutions SAS
213.91.0.0,213.91.63.255,16384,17/05/00,Open Wide Outsourcing SAS
213.111.0.0,213.111.63.255,16384,27/10/09,
213.128.32.0,213.128.63.255,8192,09/10/00,Societe Francaise du Radiotelephone S.A.
213.138.0.0,213.138.31.255,8192,28/05/08,NordNet
213.139.96.0,213.139.127.255,8192,17/06/02,PROSODIE SAS
213.144.192.0,213.144.223.255,8192,11/04/08,COMPLETEL SAS
213.151.176.0,213.151.191.255,4096,02/04/01,WIBOX SASU
213.152.0.0,213.152.31.255,8192,09/10/08,Neo Telecoms S.A.S.
213.161.192.0,213.161.223.255,8192,01/05/00,INFOCLIP SA
213.162.32.0,213.162.63.255,8192,04/12/00,Open Wide Outsourcing SAS
213.163.160.0,213.163.191.255,8192,14/05/01,Kheops Organisation
213.166.192.0,213.166.223.255,8192,26/04/00,VIALIS - REGIE MUNICIPALE DE COLMAR
213.167.240.0,213.167.255.255,4096,12/01/03,GANDI SAS
213.169.160.0,213.169.191.255,8192,28/05/01,NC Numericable S.A.
213.174.96.0,213.174.127.255,8192,12/11/02,HUB TELECOM SA
213.176.192.0,213.176.223.255,8192,14/10/09,SFR COLLECTIVITES SA
213.180.224.0,213.180.255.255,8192,07/03/03,EUTELSAT S.A.
213.182.32.0,213.182.63.255,8192,22/01/01,Ecritel
213.186.32.0,213.186.63.255,8192,29/01/01,OVH SAS
213.188.160.0,213.188.191.255,8192,03/10/01,Mediaserv
213.190.64.0,213.190.95.255,8192,20/03/00,SAEM Intermediasud
213.203.64.0,213.203.127.255,16384,20/11/00,Societe Francaise du Radiotelephone S.A.
213.205.96.0,213.205.127.255,8192,30/12/03,SMARTJOG SAS
213.215.0.0,213.215.63.255,16384,22/02/00,Nerim SAS
213.218.128.0,213.218.159.255,8192,03/02/04,Ecritel
213.222.64.0,213.222.127.255,16384,12/01/01,Societe Francaise du Radiotelephone S.A.
213.223.0.0,213.223.255.255,65536,26/07/00,Societe Francaise du Radiotelephone S.A.
213.225.160.0,213.225.191.255,8192,29/11/00,SdV-Plurimedia
213.228.0.0,213.228.63.255,16384,09/09/99,Free SAS
213.244.0.0,213.244.31.255,8192,15/09/99,COMPLETEL SAS France
213.245.0.0,213.245.31.255,8192,13/12/99,NC Numericable S.A.
213.245.32.0,213.245.63.255,8192,29/06/00,NC Numericable S.A.
213.245.64.0,213.245.127.255,16384,29/06/00,NC Numericable S.A.
213.245.128.0,213.245.255.255,32768,13/02/01,NC Numericable S.A.
213.246.32.0,213.246.63.255,8192,12/11/01,Ikoula Net SAS
213.251.128.0,213.251.191.255,16384,18/05/04,OVH SAS
217.13.48.0,217.13.63.255,4096,28/11/02,euclyde
217.15.80.0,217.15.95.255,4096,19/12/02,Alphalink
217.16.0.0,217.16.15.255,4096,30/01/09,AB CONNECT
217.19.48.0,217.19.63.255,4096,22/01/03,LinkByNet S.A.
217.19.192.0,217.19.207.255,4096,22/09/00,Societe Francaise du Radiotelephone S.A.
217.24.80.0,217.24.95.255,4096,18/03/03,GalacSYS
217.25.176.0,217.25.191.255,4096,08/04/03,INFOCLIP SA
217.26.192.0,217.26.207.255,4096,16/10/00,Navlink
217.64.48.0,217.64.63.255,4096,04/06/03,Acropolis Telecom SA
217.66.112.0,217.66.127.255,4096,26/06/03,B3G Telecom
217.67.144.0,217.67.159.255,4096,02/04/09,Ozone SAS
217.69.16.0,217.69.31.255,4096,18/07/03,Equinix France SAS
217.70.80.0,217.70.95.255,4096,28/07/03,SFR
217.70.176.0,217.70.191.255,4096,31/07/03,GANDI SAS
217.71.112.0,217.71.127.255,4096,13/05/02,
217.74.96.0,217.74.111.255,4096,20/12/00,Sewan Communications S.A.S.
217.77.224.0,217.77.239.255,4096,05/12/00,
217.108.0.0,217.109.255.255,131072,22/12/00,Orange S.A.
217.112.48.0,217.112.63.255,4096,05/09/03,IDLINE SAS
217.112.64.0,217.112.79.255,4096,07/01/05,AFONE
217.112.224.0,217.112.239.255,4096,12/01/01,Societe Francaise du Radiotelephone S.A.
217.113.192.0,217.113.207.255,4096,18/01/01,L'ile aux surfers s.a.r.l.
217.115.160.0,217.115.175.255,4096,01/02/01,ITS INTEGRA SAS
217.117.144.0,217.117.159.255,4096,23/01/04,
217.118.224.0,217.118.239.255,4096,13/02/01,SprintLink France SAS
217.119.128.0,217.119.143.255,4096,05/05/09,Azuria
217.119.176.0,217.119.191.255,4096,03/03/04,AXIONE S.A.S.
217.128.0.0,217.128.255.255,65536,15/01/01,Orange S.A.
217.144.112.0,217.144.127.255,4096,08/03/04,ELLISPHERE S.A.
217.146.224.0,217.146.239.255,4096,28/02/01,Axialys SA
217.147.192.0,217.147.207.255,4096,02/03/01,Safety-Host
217.151.0.0,217.151.15.255,4096,15/03/01,SeLoger.com S.A.
217.167.0.0,217.167.255.255,65536,06/04/01,Orange S.A.
217.168.96.0,217.168.111.255,4096,21/03/01,SIPA PRESS
217.169.240.0,217.169.255.255,4096,09/08/04,INFOSAT TELECOM S.A.
217.171.16.0,217.171.31.255,4096,19/08/04,AXIONE S.A.S.
217.174.192.0,217.174.207.255,4096,12/04/01,AGARIK SA
217.174.208.0,217.174.223.255,4096,10/11/03,AGARIK SA
217.175.160.0,217.175.175.255,4096,19/04/01,Outremer Telecom
217.175.176.0,217.175.191.255,4096,19/12/03,Outremer Telecom
217.194.80.0,217.194.95.255,4096,15/09/04,KERTEL FRANCE OUTRE MER
217.195.16.0,217.195.31.255,4096,28/09/04,Veepee SAS

