2.24.0.0,2.31.255.255,524288,21/09/10,
2.96.0.0,2.103.255.255,524288,21/04/10,
2.120.0.0,2.127.255.255,524288,14/04/10,
2.216.0.0,2.223.255.255,524288,03/12/10,
5.2.96.0,5.2.127.255,8192,27/04/12,
5.10.16.0,5.10.31.255,4096,26/07/12,
5.10.144.0,5.10.159.255,4096,01/05/12,
5.11.16.0,5.11.31.255,4096,02/05/12,
5.44.16.0,5.44.31.255,4096,22/05/12,
5.45.16.0,5.45.31.255,4096,24/05/12,
5.53.64.0,5.53.95.255,8192,29/05/12,
5.57.80.0,5.57.95.255,4096,04/06/12,
5.61.32.0,5.61.63.255,8192,07/06/12,
5.62.0.0,5.62.63.255,16384,08/06/12,
5.64.0.0,5.71.255.255,524288,11/06/12,
5.77.32.0,5.77.63.255,8192,13/06/12,
5.79.0.0,5.79.63.255,16384,13/06/12,
5.80.0.0,5.81.255.255,131072,13/06/12,
5.83.192.0,5.83.223.255,8192,15/06/12,
5.102.80.0,5.102.95.255,4096,27/06/12,
5.144.80.0,5.144.95.255,4096,11/07/12,
5.148.0.0,5.148.127.255,32768,13/07/12,
5.148.128.0,5.148.159.255,8192,13/07/12,
5.150.0.0,5.150.127.255,32768,17/07/12,
5.150.160.0,5.150.191.255,8192,18/07/12,
5.151.0.0,5.151.255.255,65536,17/07/12,
5.152.192.0,5.152.223.255,8192,19/07/12,
5.153.64.0,5.153.95.255,8192,19/07/12,
5.153.192.0,5.153.223.255,8192,20/07/12,
5.154.128.0,5.154.159.255,8192,19/07/12,
5.172.48.0,5.172.63.255,4096,30/07/12,
5.172.160.0,5.172.175.255,4096,30/07/12,
5.178.96.0,5.178.111.255,4096,07/08/12,
5.179.96.0,5.179.111.255,4096,08/08/12,
5.187.16.0,5.187.31.255,4096,09/08/12,
5.198.0.0,5.198.127.255,32768,24/08/12,
5.199.0.0,5.199.127.255,32768,27/08/12,
5.250.176.0,5.250.191.255,4096,13/09/12,
25.0.0.0,25.255.255.255,16777216,01/01/95,
31.3.208.0,31.3.223.255,4096,08/04/11,
31.3.224.0,31.3.255.255,8192,08/04/11,
31.6.0.0,31.6.63.255,16384,08/04/11,
31.10.32.0,31.10.47.255,4096,14/04/11,
31.12.80.0,31.12.95.255,4096,18/04/11,
31.12.96.0,31.12.127.255,8192,18/04/11,
31.28.64.0,31.28.95.255,8192,23/02/11,
31.48.0.0,31.55.255.255,524288,31/12/10,
31.64.0.0,31.95.255.255,2097152,25/11/10,
31.96.0.0,31.127.255.255,2097152,25/11/10,
31.172.240.0,31.172.255.255,4096,05/04/11,
31.185.32.0,31.185.63.255,8192,15/03/11,
31.185.128.0,31.185.255.255,32768,15/03/11,
31.186.224.0,31.186.255.255,8192,24/03/11,
31.193.0.0,31.193.15.255,4096,21/04/11,
31.193.128.0,31.193.143.255,4096,27/04/11,
31.205.0.0,31.205.255.255,65536,29/04/11,
31.207.64.0,31.207.79.255,4096,02/05/11,
31.216.0.0,31.216.15.255,4096,09/05/11,
31.217.128.0,31.217.159.255,8192,11/08/11,
31.220.192.0,31.220.255.255,16384,12/05/11,
31.221.0.0,31.221.127.255,32768,11/05/11,
31.222.48.0,31.222.63.255,4096,13/05/11,
31.222.64.0,31.222.79.255,4096,13/05/11,
31.222.128.0,31.222.191.255,16384,13/05/11,
31.222.208.0,31.222.223.255,4096,24/08/11,
37.60.64.0,37.60.127.255,16384,17/01/12,
37.152.32.0,37.152.47.255,4096,09/03/12,
37.152.192.0,37.152.255.255,16384,12/03/12,
37.188.96.0,37.188.127.255,8192,20/03/12,
37.191.96.0,37.191.127.255,8192,22/03/12,
37.203.128.0,37.203.191.255,16384,26/03/12,
37.209.208.0,37.209.223.255,4096,30/03/12,
37.220.0.0,37.220.31.255,8192,03/04/12,
37.230.48.0,37.230.63.255,4096,11/04/12,
37.252.0.0,37.252.15.255,4096,18/04/12,
37.252.32.0,37.252.63.255,8192,18/04/12,
46.20.112.0,46.20.127.255,4096,29/09/10,
46.20.224.0,46.20.239.255,4096,14/10/10,
46.23.64.0,46.23.79.255,4096,02/12/10,
46.32.224.0,46.32.255.255,8192,19/08/10,
46.33.0.0,46.33.31.255,8192,20/08/10,
46.33.128.0,46.33.159.255,8192,06/09/10,
46.34.0.0,46.34.31.255,8192,15/09/10,
46.37.32.0,46.37.63.255,8192,10/11/10,
46.37.160.0,46.37.191.255,8192,17/11/10,
46.38.160.0,46.38.191.255,8192,29/11/10,
46.43.0.0,46.43.63.255,16384,10/08/10,
46.43.128.0,46.43.191.255,16384,17/08/10,
46.60.128.0,46.60.255.255,32768,22/10/10,
46.64.0.0,46.65.255.255,131072,04/06/10,
46.68.0.0,46.69.255.255,131072,05/07/10,
46.102.192.0,46.102.223.255,8192,25/06/10,
46.208.0.0,46.208.255.255,65536,01/12/10,
46.228.32.0,46.228.47.255,4096,03/02/11,
46.228.160.0,46.228.175.255,4096,08/02/11,
46.233.64.0,46.233.127.255,16384,23/02/11,
46.236.0.0,46.236.63.255,16384,21/12/10,
46.237.128.0,46.237.191.255,16384,26/01/11,
46.244.32.0,46.244.47.255,4096,28/12/10,
46.247.0.0,46.247.127.255,32768,01/02/11,
46.248.0.0,46.248.31.255,8192,17/12/10,
46.248.96.0,46.248.127.255,8192,20/12/10,
46.248.128.0,46.248.159.255,8192,20/12/10,
46.248.224.0,46.248.255.255,8192,28/12/10,
46.249.192.0,46.249.223.255,8192,13/01/11,
46.250.224.0,46.250.255.255,8192,02/02/11,
46.252.64.0,46.252.79.255,4096,20/12/10,
46.252.80.0,46.252.95.255,4096,20/12/10,
51.0.0.0,51.145.255.255,9568256,01/09/93,
51.146.0.0,51.146.255.255,65536,01/09/93,
51.147.0.0,51.173.255.255,1769472,01/09/93,
51.176.0.0,51.178.255.255,196608,01/09/93,
51.179.128.0,51.179.191.255,16384,01/09/93,
51.179.192.0,51.179.255.255,16384,01/09/93,
51.180.0.0,51.210.255.255,2031616,01/09/93,
51.212.0.0,51.217.255.255,393216,01/09/93,
51.219.0.0,51.222.255.255,262144,01/09/93,
51.224.0.0,51.234.255.255,720896,01/09/93,
51.236.0.0,51.251.255.255,1048576,01/09/93,
62.3.64.0,62.3.127.255,16384,29/06/01,
62.3.192.0,62.3.255.255,16384,12/02/03,
62.6.0.0,62.6.255.255,65536,01/07/99,
62.7.0.0,62.7.255.255,65536,03/12/99,
62.8.96.0,62.8.127.255,8192,19/06/01,
62.13.128.0,62.13.159.255,8192,27/06/00,
62.23.0.0,62.23.255.255,65536,17/10/00,
62.24.128.0,62.24.255.255,32768,13/04/00,
62.25.64.0,62.25.127.255,16384,29/03/00,
62.25.128.0,62.25.255.255,32768,23/11/00,
62.30.0.0,62.30.255.255,65536,11/02/00,
62.31.0.0,62.31.255.255,65536,22/03/00,
62.32.96.0,62.32.127.255,8192,10/07/01,
62.40.96.0,62.40.127.255,8192,17/07/01,
62.44.64.0,62.44.95.255,8192,15/06/00,
62.49.0.0,62.49.255.255,65536,22/06/00,
62.50.0.0,62.50.31.255,8192,09/06/00,
62.50.32.0,62.50.63.255,8192,09/06/00,
62.50.64.0,62.50.95.255,8192,09/06/00,
62.50.128.0,62.50.159.255,8192,09/06/00,
62.50.192.0,62.50.255.255,16384,10/03/05,
62.56.0.0,62.56.127.255,32768,20/05/99,
62.56.128.0,62.56.255.255,32768,18/12/00,
62.60.0.0,62.60.63.255,16384,21/06/99,
62.60.64.0,62.60.127.255,16384,12/04/00,
62.64.128.0,62.64.255.255,32768,13/11/00,
62.67.0.0,62.67.255.255,65536,08/11/00,
62.69.32.0,62.69.63.255,8192,20/09/02,
62.69.64.0,62.69.127.255,16384,19/06/01,
62.72.96.0,62.72.127.255,8192,29/10/01,
62.72.128.0,62.72.159.255,8192,27/06/00,
62.73.128.0,62.73.159.255,8192,25/07/00,
62.73.160.0,62.73.191.255,8192,29/01/02,
62.77.0.0,62.77.31.255,8192,06/07/00,
62.84.160.0,62.84.191.255,8192,08/11/02,
62.84.192.0,62.84.223.255,8192,29/06/00,
62.89.128.0,62.89.159.255,8192,24/06/03,
62.93.128.0,62.93.159.255,8192,25/07/00,
62.96.0.0,62.96.127.255,32768,03/05/99,
62.96.128.0,62.96.255.255,32768,23/06/99,
62.100.160.0,62.100.191.255,8192,29/11/02,
62.100.192.0,62.100.223.255,8192,09/07/08,
62.105.64.0,62.105.127.255,16384,25/07/01,
62.105.160.0,62.105.191.255,8192,28/02/02,
62.121.0.0,62.121.31.255,8192,12/07/00,
62.124.0.0,62.124.255.255,65536,15/07/99,
62.125.0.0,62.125.255.255,65536,04/10/99,
62.126.0.0,62.126.255.255,65536,04/10/99,
62.128.128.0,62.128.159.255,8192,08/09/00,
62.128.192.0,62.128.223.255,8192,26/06/00,
62.129.64.0,62.129.127.255,16384,31/08/01,
62.130.0.0,62.130.255.255,65536,18/09/00,
62.133.0.0,62.133.31.255,8192,02/10/08,
62.136.0.0,62.136.255.255,65536,06/05/97,
62.137.0.0,62.137.255.255,65536,21/05/99,
62.140.0.0,62.140.31.255,8192,20/08/97,
62.140.192.0,62.140.223.255,8192,30/06/00,
62.149.32.0,62.149.63.255,8192,17/01/03,
62.164.128.0,62.164.255.255,32768,24/09/97,
62.169.128.0,62.169.159.255,8192,01/08/00,
62.170.0.0,62.171.255.255,131072,18/08/00,
62.172.0.0,62.172.255.255,65536,03/10/97,
62.173.64.0,62.173.127.255,16384,02/10/01,
62.173.192.0,62.173.255.255,16384,17/01/03,
62.188.0.0,62.188.63.255,16384,22/10/98,
62.188.64.0,62.188.127.255,16384,15/08/00,
62.188.128.0,62.188.191.255,16384,22/10/98,
62.188.192.0,62.188.255.255,16384,15/08/00,
62.189.0.0,62.189.255.255,65536,20/07/00,
62.190.0.0,62.190.255.255,65536,20/07/00,
62.191.0.0,62.191.255.255,65536,22/10/98,
62.197.32.0,62.197.63.255,8192,28/04/03,
62.204.32.0,62.204.63.255,8192,16/05/00,
62.213.128.0,62.213.159.255,8192,12/09/00,
62.216.128.0,62.216.159.255,8192,27/06/00,
62.216.224.0,62.216.255.255,8192,19/05/03,
62.231.128.0,62.231.159.255,8192,21/09/00,
62.232.0.0,62.232.127.255,32768,02/06/98,
62.232.128.0,62.232.255.255,32768,06/11/00,
62.233.64.0,62.233.127.255,16384,29/11/01,
62.239.0.0,62.239.255.255,65536,02/01/01,
62.241.160.0,62.241.191.255,8192,25/04/02,
62.244.160.0,62.244.191.255,8192,23/08/02,
62.249.192.0,62.249.255.255,16384,05/02/03,
62.252.0.0,62.252.255.255,65536,27/05/99,
62.253.0.0,62.253.255.255,65536,17/06/99,
62.254.0.0,62.254.255.255,65536,04/10/99,
62.255.0.0,62.255.255.255,65536,17/02/00,
77.44.0.0,77.44.127.255,32768,14/12/06,
77.68.0.0,77.68.127.255,32768,07/02/07,
77.76.64.0,77.76.127.255,16384,12/02/07,
77.86.0.0,77.86.127.255,32768,30/03/07,
77.89.128.0,77.89.191.255,16384,29/03/07,
77.92.64.0,77.92.95.255,8192,07/05/07,
77.93.128.0,77.93.159.255,8192,18/05/07,
77.96.0.0,77.103.255.255,524288,18/10/06,
77.107.64.0,77.107.127.255,16384,18/12/06,
77.107.128.0,77.107.191.255,16384,08/01/07,
77.108.128.0,77.108.191.255,16384,17/01/07,
77.221.160.0,77.221.191.255,8192,30/03/07,
77.233.128.0,77.233.159.255,8192,19/12/06,
77.238.160.0,77.238.191.255,8192,16/02/07,
77.239.96.0,77.239.127.255,8192,07/03/07,
77.240.0.0,77.240.15.255,4096,03/01/07,
77.240.48.0,77.240.63.255,4096,09/01/07,
77.241.176.0,77.241.191.255,4096,14/02/07,
77.242.192.0,77.242.207.255,4096,02/03/07,
77.242.240.0,77.242.255.255,4096,05/03/07,
77.244.128.0,77.244.143.255,4096,29/03/07,
77.245.64.0,77.245.79.255,4096,17/04/07,
77.246.16.0,77.246.31.255,4096,08/05/07,
77.246.32.0,77.246.47.255,4096,09/05/07,
77.246.48.0,77.246.63.255,4096,09/05/07,
77.246.160.0,77.246.175.255,4096,24/05/07,
78.25.192.0,78.25.255.255,16384,29/08/07,
78.32.0.0,78.33.255.255,131072,01/03/07,
78.86.0.0,78.86.255.255,65536,27/04/07,
78.105.0.0,78.105.255.255,65536,10/12/07,
78.109.160.0,78.109.175.255,4096,12/07/07,
78.109.176.0,78.109.191.255,4096,16/07/07,
78.110.160.0,78.110.175.255,4096,14/08/07,
78.111.192.0,78.111.207.255,4096,25/09/07,
78.129.128.0,78.129.255.255,32768,18/04/07,
78.136.0.0,78.136.63.255,16384,16/04/07,
78.137.112.0,78.137.127.255,4096,11/09/12,
78.138.0.0,78.138.63.255,16384,07/06/07,
78.141.0.0,78.141.63.255,16384,10/07/07,
78.143.192.0,78.143.223.255,8192,22/08/07,
78.143.224.0,78.143.239.255,4096,22/08/07,
78.143.240.0,78.143.255.255,4096,22/08/07,
78.144.0.0,78.151.255.255,524288,10/05/07,
78.154.96.0,78.154.127.255,8192,18/07/07,
78.155.224.0,78.155.255.255,8192,03/08/07,
78.156.64.0,78.156.95.255,8192,10/08/07,
78.157.192.0,78.157.223.255,8192,31/08/07,
78.158.32.0,78.158.47.255,4096,03/09/07,
78.158.48.0,78.158.63.255,4096,03/09/07,
78.158.80.0,78.158.95.255,4096,03/09/07,
79.64.0.0,79.79.255.255,1048576,19/06/07,
79.121.128.0,79.121.255.255,32768,18/07/07,
79.123.0.0,79.123.127.255,32768,27/07/07,
79.135.96.0,79.135.127.255,8192,31/10/07,
79.140.192.0,79.140.207.255,4096,11/04/08,
79.141.32.0,79.141.47.255,4096,16/10/07,
79.141.128.0,79.141.143.255,4096,22/10/07,
79.141.160.0,79.141.175.255,4096,23/10/07,
79.143.144.0,79.143.159.255,4096,27/11/07,
79.173.128.0,79.173.191.255,16384,26/10/07,
80.0.0.0,80.7.255.255,524288,25/04/01,
80.40.0.0,80.47.255.255,524288,23/11/01,
80.64.48.0,80.64.63.255,4096,22/01/04,
80.65.240.0,80.65.255.255,4096,19/05/04,
80.68.16.0,80.68.31.255,4096,21/02/04,
80.68.32.0,80.68.47.255,4096,23/05/01,
80.68.48.0,80.68.63.255,4096,20/02/04,
80.68.80.0,80.68.95.255,4096,22/07/04,
80.68.208.0,80.68.223.255,4096,05/11/04,
80.69.0.0,80.69.15.255,4096,28/05/01,
80.69.16.0,80.69.31.255,4096,11/02/04,
80.69.128.0,80.69.143.255,4096,03/04/09,
80.70.48.0,80.70.63.255,4096,21/12/04,
80.71.0.0,80.71.15.255,4096,06/06/01,
80.71.16.0,80.71.31.255,4096,29/08/03,
80.73.208.0,80.73.223.255,4096,07/02/05,
80.74.0.0,80.74.15.255,4096,18/06/01,
80.74.16.0,80.74.31.255,4096,10/02/05,
80.74.224.0,80.74.239.255,4096,19/06/01,
80.74.240.0,80.74.255.255,4096,08/02/05,
80.75.64.0,80.75.79.255,4096,20/06/01,
80.75.208.0,80.75.223.255,4096,16/02/05,
80.76.112.0,80.76.127.255,4096,22/02/05,
80.76.192.0,80.76.207.255,4096,27/06/01,
80.76.208.0,80.76.223.255,4096,01/03/05,
80.77.0.0,80.77.15.255,4096,28/06/01,
80.77.80.0,80.77.95.255,4096,09/03/05,
80.77.240.0,80.77.255.255,4096,15/03/05,
80.79.80.0,80.79.95.255,4096,18/03/05,
80.79.128.0,80.79.143.255,4096,11/07/01,
80.79.208.0,80.79.223.255,4096,19/05/09,
80.80.176.0,80.80.191.255,4096,22/03/05,
80.82.112.0,80.82.127.255,4096,08/04/05,
80.82.128.0,80.82.143.255,4096,26/07/01,
80.82.240.0,80.82.255.255,4096,12/04/05,
80.83.144.0,80.83.159.255,4096,15/04/05,
80.84.48.0,80.84.63.255,4096,21/04/05,
80.84.64.0,80.84.79.255,4096,08/08/01,
80.84.80.0,80.84.95.255,4096,08/05/03,
80.84.160.0,80.84.175.255,4096,13/08/01,
80.85.64.0,80.85.79.255,4096,15/08/01,
80.85.208.0,80.85.223.255,4096,06/05/05,
80.86.32.0,80.86.47.255,4096,16/08/01,
80.87.0.0,80.87.15.255,4096,21/08/01,
80.87.16.0,80.87.31.255,4096,13/11/09,
80.87.128.0,80.87.143.255,4096,24/08/01,
80.88.192.0,80.88.207.255,4096,28/08/01,
80.88.208.0,80.88.223.255,4096,02/07/04,
80.89.80.0,80.89.95.255,4096,26/05/05,
80.90.192.0,80.90.207.255,4096,29/09/08,
80.92.144.0,80.92.159.255,4096,27/06/05,
80.93.160.0,80.93.175.255,4096,26/09/01,
80.93.192.0,80.93.207.255,4096,26/09/01,
80.94.32.0,80.94.47.255,4096,27/09/01,
80.94.192.0,80.94.207.255,4096,04/10/01,
80.95.48.0,80.95.63.255,4096,09/08/05,
80.95.176.0,80.95.191.255,4096,11/08/05,
80.95.192.0,80.95.207.255,4096,08/10/01,
80.168.0.0,80.168.255.255,65536,03/03/03,
80.169.0.0,80.169.255.255,65536,28/03/03,
80.175.0.0,80.175.255.255,65536,12/06/03,
80.176.0.0,80.177.255.255,131072,28/05/02,
80.189.0.0,80.189.255.255,65536,08/07/02,
80.192.0.0,80.195.255.255,262144,26/09/01,
80.225.0.0,80.225.255.255,65536,16/10/01,
80.229.0.0,80.229.255.255,65536,17/10/03,
80.234.128.0,80.234.255.255,32768,10/10/01,
80.235.128.0,80.235.255.255,32768,29/10/01,
80.238.0.0,80.238.31.255,8192,29/03/06,
80.238.32.0,80.238.63.255,8192,13/04/06,
80.240.80.0,80.240.95.255,4096,19/08/05,
80.241.64.0,80.241.79.255,4096,19/10/01,
80.243.176.0,80.243.191.255,4096,16/09/05,
80.244.0.0,80.244.15.255,4096,01/11/01,
80.244.176.0,80.244.191.255,4096,26/09/05,
80.247.0.0,80.247.15.255,4096,12/11/01,
80.247.16.0,80.247.31.255,4096,20/10/05,
80.247.48.0,80.247.63.255,4096,24/10/05,
80.247.80.0,80.247.95.255,4096,25/10/05,
80.247.128.0,80.247.143.255,4096,12/11/01,
80.247.144.0,80.247.159.255,4096,05/04/02,
80.248.176.0,80.248.191.255,4096,04/11/05,
80.249.48.0,80.249.63.255,4096,08/11/05,
80.249.96.0,80.249.111.255,4096,21/11/01,
80.250.96.0,80.250.111.255,4096,08/10/08,
80.251.0.0,80.251.15.255,4096,16/02/09,
80.251.16.0,80.251.31.255,4096,21/08/08,
80.251.160.0,80.251.175.255,4096,05/12/01,
80.251.176.0,80.251.191.255,4096,28/10/04,
80.252.64.0,80.252.79.255,4096,07/12/01,
80.252.112.0,80.252.127.255,4096,28/11/05,
80.253.96.0,80.253.111.255,4096,12/12/01,
80.253.112.0,80.253.127.255,4096,20/09/02,
80.253.128.0,80.253.143.255,4096,13/12/01,
80.254.144.0,80.254.159.255,4096,06/12/05,
80.255.32.0,80.255.47.255,4096,21/12/01,
80.255.48.0,80.255.63.255,4096,29/11/02,
80.255.192.0,80.255.207.255,4096,28/12/01,
80.255.208.0,80.255.223.255,4096,06/06/03,
81.1.64.0,81.1.127.255,16384,17/01/02,
81.2.64.0,81.2.127.255,16384,03/04/02,
81.3.64.0,81.3.127.255,16384,09/04/02,
81.5.128.0,81.5.191.255,16384,28/05/02,
81.6.192.0,81.6.255.255,16384,24/06/02,
81.17.64.0,81.17.79.255,4096,08/01/02,
81.19.48.0,81.19.63.255,4096,31/10/03,
81.19.176.0,81.19.191.255,4096,03/01/06,
81.19.192.0,81.19.207.255,4096,30/01/02,
81.19.208.0,81.19.223.255,4096,03/01/06,
81.20.0.0,81.20.15.255,4096,19/05/09,
81.20.32.0,81.20.47.255,4096,31/01/02,
81.20.48.0,81.20.63.255,4096,06/01/06,
81.21.64.0,81.21.79.255,4096,15/02/02,
81.22.32.0,81.22.47.255,4096,21/02/02,
81.23.48.0,81.23.63.255,4096,14/02/06,
81.23.208.0,81.23.223.255,4096,14/11/02,
81.24.192.0,81.24.207.255,4096,19/03/02,
81.26.96.0,81.26.111.255,4096,03/04/02,
81.26.112.0,81.26.127.255,4096,03/04/02,
81.27.64.0,81.27.79.255,4096,11/04/02,
81.27.80.0,81.27.95.255,4096,11/04/02,
81.27.96.0,81.27.111.255,4096,11/04/02,
81.28.144.0,81.28.159.255,4096,20/03/06,
81.29.48.0,81.29.63.255,4096,27/03/06,
81.29.64.0,81.29.79.255,4096,29/04/02,
81.29.80.0,81.29.95.255,4096,03/09/04,
81.31.0.0,81.31.15.255,4096,28/05/02,
81.31.16.0,81.31.31.255,4096,19/05/03,
81.31.64.0,81.31.79.255,4096,09/04/09,
81.31.96.0,81.31.111.255,4096,29/05/02,
81.31.112.0,81.31.127.255,4096,05/02/03,
81.76.0.0,81.79.255.255,262144,06/03/02,
81.86.0.0,81.86.255.255,65536,04/06/02,
81.87.0.0,81.87.255.255,65536,17/06/02,
81.88.160.0,81.88.175.255,4096,17/06/02,
81.89.128.0,81.89.143.255,4096,26/06/02,
81.89.160.0,81.89.175.255,4096,27/06/02,
81.90.80.0,81.90.95.255,4096,19/04/06,
81.90.128.0,81.90.143.255,4096,04/07/02,
81.91.96.0,81.91.111.255,4096,16/07/02,
81.91.192.0,81.91.207.255,4096,22/07/02,
81.91.240.0,81.91.255.255,4096,27/04/06,
81.93.224.0,81.93.239.255,4096,09/08/02,
81.94.192.0,81.94.207.255,4096,13/02/09,
81.94.208.0,81.94.223.255,4096,18/05/06,
81.95.48.0,81.95.63.255,4096,19/05/06,
81.95.144.0,81.95.159.255,4096,16/03/09,
81.96.0.0,81.111.255.255,1048576,14/06/02,
81.128.0.0,81.159.255.255,2097152,25/07/02,
81.168.0.0,81.168.127.255,32768,04/04/03,
81.170.0.0,81.170.127.255,32768,22/04/03,
81.171.128.0,81.171.255.255,32768,15/05/03,
81.174.128.0,81.174.255.255,32768,28/02/03,
81.178.0.0,81.179.255.255,131072,29/01/03,
81.187.0.0,81.187.255.255,65536,03/02/03,
81.199.0.0,81.199.255.255,65536,07/10/02,
81.200.64.0,81.200.79.255,4096,26/09/02,
81.201.128.0,81.201.143.255,4096,11/10/02,
81.201.160.0,81.201.175.255,4096,15/10/02,
81.208.128.0,81.208.255.255,32768,08/10/02,
82.0.0.0,82.31.255.255,2097152,28/02/03,
82.32.0.0,82.47.255.255,1048576,31/01/03,
82.68.0.0,82.71.255.255,262144,28/04/03,
82.98.240.0,82.98.255.255,4096,09/12/03,
82.108.0.0,82.111.255.255,262144,31/10/03,
82.112.96.0,82.112.127.255,8192,05/12/03,
82.112.224.0,82.112.255.255,8192,10/12/03,
82.113.64.0,82.113.95.255,8192,11/12/03,
82.113.128.0,82.113.159.255,8192,15/12/03,
82.113.160.0,82.113.191.255,8192,16/12/03,
82.113.224.0,82.113.255.255,8192,17/12/03,
82.115.224.0,82.115.255.255,8192,19/01/04,
82.118.64.0,82.118.95.255,8192,12/02/04,
82.118.96.0,82.118.127.255,8192,13/02/04,
82.132.128.0,82.132.255.255,32768,14/08/03,
82.133.0.0,82.133.127.255,32768,27/08/03,
82.136.0.0,82.136.63.255,16384,27/06/03,
82.138.192.0,82.138.255.255,16384,25/07/03,
82.142.192.0,82.142.255.255,16384,09/09/03,
82.144.224.0,82.144.255.255,8192,05/06/03,
82.145.32.0,82.145.63.255,8192,05/06/03,
82.145.208.0,82.145.223.255,4096,18/10/10,
82.146.128.0,82.146.159.255,8192,20/06/03,
82.147.0.0,82.147.31.255,8192,27/06/03,
82.148.32.0,82.148.63.255,8192,14/07/03,
82.148.224.0,82.148.255.255,8192,01/08/03,
82.150.96.0,82.150.127.255,8192,20/08/03,
82.151.224.0,82.151.255.255,8192,17/09/03,
82.152.0.0,82.153.255.255,131072,10/11/03,
82.163.0.0,82.163.31.255,8192,25/07/03,
82.163.32.0,82.163.63.255,8192,25/07/03,
82.163.80.0,82.163.95.255,4096,25/07/03,
82.163.96.0,82.163.127.255,8192,25/07/03,
82.163.144.0,82.163.159.255,4096,25/07/03,
82.163.160.0,82.163.175.255,4096,25/07/03,
82.163.192.0,82.163.223.255,8192,25/07/03,
82.163.224.0,82.163.255.255,8192,25/07/03,
82.192.96.0,82.192.111.255,4096,23/09/03,
82.192.112.0,82.192.127.255,4096,23/09/03,
82.195.96.0,82.195.127.255,8192,27/10/03,
82.195.160.0,82.195.191.255,8192,27/10/03,
82.196.224.0,82.196.255.255,8192,05/11/03,
82.197.64.0,82.197.95.255,8192,06/11/03,
82.198.224.0,82.198.255.255,8192,19/11/03,
82.203.0.0,82.203.127.255,32768,09/10/03,
82.206.128.0,82.206.255.255,32768,26/11/03,
82.211.64.0,82.211.127.255,16384,10/10/03,
82.219.0.0,82.219.255.255,65536,24/11/03,
83.67.0.0,83.67.255.255,65536,02/04/04,
83.98.0.0,83.98.127.255,32768,12/01/04,
83.100.128.0,83.100.255.255,32768,20/02/04,
83.104.0.0,83.107.255.255,262144,11/12/03,
83.138.128.0,83.138.191.255,16384,16/08/04,
83.146.0.0,83.146.63.255,16384,04/02/04,
83.148.128.0,83.148.191.255,16384,01/03/04,
83.151.64.0,83.151.127.255,16384,24/03/04,
83.151.208.0,83.151.223.255,4096,30/03/04,
83.151.224.0,83.151.255.255,8192,30/03/04,
83.166.64.0,83.166.95.255,8192,08/06/04,
83.166.160.0,83.166.191.255,8192,08/06/04,
83.167.160.0,83.167.191.255,8192,18/06/04,
83.170.64.0,83.170.127.255,16384,20/04/04,
83.170.128.0,83.170.191.255,16384,20/04/04,
83.216.64.0,83.216.95.255,8192,25/02/04,
83.216.128.0,83.216.159.255,8192,26/02/04,
83.217.96.0,83.217.127.255,8192,05/03/04,
83.217.160.0,83.217.191.255,8192,08/03/04,
83.218.0.0,83.218.31.255,8192,12/03/04,
83.218.128.0,83.218.159.255,8192,15/03/04,
83.219.32.0,83.219.63.255,8192,18/03/04,
83.222.224.0,83.222.255.255,8192,15/04/09,
83.223.96.0,83.223.127.255,8192,01/07/04,
83.223.192.0,83.223.223.255,8192,13/07/04,
83.229.0.0,83.229.127.255,32768,13/05/04,
83.231.128.0,83.231.255.255,32768,03/06/04,
83.244.128.0,83.244.255.255,32768,08/04/04,
83.245.0.0,83.245.127.255,32768,14/04/04,
84.8.0.0,84.8.255.255,65536,18/06/04,
84.9.0.0,84.9.255.255,65536,12/07/04,
84.12.0.0,84.12.255.255,65536,16/07/04,
84.13.0.0,84.13.255.255,65536,21/07/04,
84.18.192.0,84.18.223.255,8192,16/08/04,
84.19.32.0,84.19.63.255,8192,23/02/05,
84.19.112.0,84.19.127.255,4096,25/08/04,
84.19.224.0,84.19.255.255,8192,31/08/04,
84.20.192.0,84.20.223.255,8192,03/09/04,
84.21.128.0,84.21.159.255,8192,13/09/04,
84.22.160.0,84.22.191.255,8192,04/10/04,
84.23.0.0,84.23.31.255,8192,12/10/04,
84.38.32.0,84.38.47.255,4096,13/04/06,
84.43.0.0,84.43.127.255,32768,14/09/04,
84.45.0.0,84.45.127.255,32768,22/09/04,
84.45.128.0,84.45.255.255,32768,24/09/04,
84.51.128.0,84.51.191.255,16384,28/10/04,
84.64.0.0,84.71.255.255,524288,15/03/04,
84.92.0.0,84.93.255.255,131072,18/05/04,
84.233.128.0,84.233.255.255,32768,08/06/04,
84.234.16.0,84.234.31.255,4096,20/07/04,
84.252.192.0,84.252.255.255,16384,20/09/04,
85.8.192.0,85.8.255.255,16384,10/02/05,
85.12.64.0,85.12.127.255,16384,07/03/05,
85.13.192.0,85.13.255.255,16384,05/04/05,
85.31.32.0,85.31.63.255,8192,27/06/05,
85.31.64.0,85.31.95.255,8192,28/06/05,
85.88.224.0,85.88.255.255,8192,02/11/04,
85.90.32.0,85.90.63.255,8192,08/11/04,
85.90.224.0,85.90.239.255,4096,12/11/04,
85.91.32.0,85.91.63.255,8192,16/11/04,
85.91.224.0,85.91.255.255,8192,01/12/04,
85.92.64.0,85.92.95.255,8192,03/12/04,
85.92.160.0,85.92.191.255,8192,28/01/05,
85.92.192.0,85.92.223.255,8192,06/12/04,
85.95.0.0,85.95.31.255,8192,07/01/05,
85.95.96.0,85.95.127.255,8192,13/01/05,
85.113.64.0,85.113.95.255,8192,08/02/05,
85.115.32.0,85.115.63.255,8192,23/02/07,
85.116.0.0,85.116.31.255,8192,04/03/05,
85.116.160.0,85.116.191.255,8192,14/03/05,
85.118.0.0,85.118.31.255,8192,31/03/05,
85.133.0.0,85.133.127.255,32768,29/11/04,
85.188.192.0,85.188.255.255,16384,13/04/06,
85.189.0.0,85.189.255.255,65536,07/12/04,
85.193.144.0,85.193.159.255,4096,17/12/04,
85.199.192.0,85.199.207.255,4096,08/02/05,
85.199.224.0,85.199.255.255,8192,08/02/05,
85.210.0.0,85.211.255.255,131072,17/02/05,
85.222.128.0,85.222.159.255,8192,22/03/05,
85.232.32.0,85.232.63.255,8192,11/04/05,
85.233.160.0,85.233.191.255,8192,25/04/05,
85.234.64.0,85.234.95.255,8192,28/04/05,
85.234.128.0,85.234.159.255,8192,29/04/05,
85.235.96.0,85.235.127.255,8192,09/05/05,
85.236.96.0,85.236.127.255,8192,19/05/05,
85.237.192.0,85.237.223.255,8192,27/05/05,
85.255.224.0,85.255.239.255,4096,17/05/06,
86.0.0.0,86.31.255.255,2097152,29/03/05,
86.53.0.0,86.53.255.255,65536,10/05/05,
86.54.0.0,86.54.255.255,65536,12/05/05,
86.63.0.0,86.63.63.255,16384,16/05/05,
86.107.128.0,86.107.143.255,4096,18/04/05,
86.109.32.0,86.109.63.255,8192,05/07/05,
86.111.160.0,86.111.175.255,4096,15/08/05,
86.111.176.0,86.111.191.255,4096,15/08/05,
86.112.0.0,86.113.255.255,131072,02/03/05,
86.128.0.0,86.191.255.255,4194304,07/02/05,
87.74.0.0,87.75.255.255,131072,11/05/05,
87.80.0.0,87.81.255.255,131072,09/05/05,
87.82.0.0,87.83.255.255,131072,09/05/05,
87.84.0.0,87.87.255.255,262144,09/05/05,
87.101.96.0,87.101.111.255,4096,15/12/05,
87.102.0.0,87.102.127.255,32768,14/10/05,
87.112.0.0,87.115.255.255,262144,29/07/05,
87.117.64.0,87.117.127.255,16384,26/09/05,
87.117.192.0,87.117.255.255,16384,29/09/05,
87.124.0.0,87.125.255.255,131072,08/08/05,
87.127.0.0,87.127.255.255,65536,08/09/05,
87.194.0.0,87.194.255.255,65536,16/06/05,
87.224.0.0,87.224.127.255,32768,10/06/05,
87.242.128.0,87.242.191.255,16384,18/07/05,
87.242.192.0,87.242.255.255,16384,18/10/05,
87.243.192.0,87.243.255.255,16384,26/07/05,
87.245.192.0,87.245.255.255,16384,24/08/05,
87.246.64.0,87.246.127.255,16384,26/08/05,
87.247.128.0,87.247.159.255,8192,18/11/05,
87.248.96.0,87.248.127.255,8192,17/08/05,
87.248.192.0,87.248.223.255,8192,22/08/05,
87.249.64.0,87.249.95.255,8192,25/08/05,
87.252.32.0,87.252.63.255,8192,16/05/06,
87.254.0.0,87.254.31.255,8192,11/10/05,
87.254.64.0,87.254.95.255,8192,13/10/05,
88.81.128.0,88.81.159.255,8192,12/12/05,
88.82.0.0,88.82.31.255,8192,15/12/05,
88.82.128.0,88.82.159.255,8192,21/12/05,
88.83.96.0,88.83.127.255,8192,04/01/06,
88.96.0.0,88.99.255.255,262144,03/08/05,
88.104.0.0,88.111.255.255,524288,05/08/05,
88.144.0.0,88.145.255.255,131072,18/11/05,
88.150.128.0,88.150.255.255,32768,31/01/06,
88.202.128.0,88.202.159.255,8192,22/11/05,
88.202.176.0,88.202.191.255,4096,22/11/05,
88.202.192.0,88.202.207.255,4096,22/11/05,
88.202.240.0,88.202.255.255,4096,22/11/05,
88.208.192.0,88.208.255.255,16384,02/11/05,
88.210.128.0,88.210.191.255,16384,29/11/05,
88.211.0.0,88.211.63.255,16384,30/11/05,
88.211.64.0,88.211.127.255,16384,30/11/05,
88.211.192.0,88.211.255.255,16384,08/12/05,
88.212.128.0,88.212.191.255,16384,15/12/05,
88.214.192.0,88.214.255.255,16384,18/01/06,
88.215.0.0,88.215.63.255,16384,20/01/06,
89.16.160.0,89.16.191.255,8192,17/07/06,
89.16.224.0,89.16.255.255,8192,19/07/06,
89.17.96.0,89.17.127.255,8192,21/07/06,
89.20.192.0,89.20.223.255,8192,06/09/06,
89.21.0.0,89.21.31.255,8192,14/09/06,
89.21.224.0,89.21.255.255,8192,09/10/06,
89.104.32.0,89.104.63.255,8192,01/03/06,
89.104.224.0,89.104.255.255,8192,14/03/06,
89.105.0.0,89.105.31.255,8192,14/03/06,
89.105.96.0,89.105.127.255,8192,16/03/06,
89.145.64.0,89.145.127.255,16384,31/01/06,
89.145.192.0,89.145.255.255,16384,02/02/06,
89.150.16.0,89.150.31.255,4096,01/03/10,
89.151.64.0,89.151.127.255,16384,06/04/06,
89.167.128.0,89.167.255.255,32768,29/03/06,
89.168.0.0,89.168.255.255,65536,23/02/06,
89.187.64.0,89.187.95.255,8192,27/04/06,
89.187.96.0,89.187.127.255,8192,27/04/06,
89.191.192.0,89.191.223.255,8192,22/06/06,
89.192.0.0,89.195.255.255,262144,10/03/06,
89.202.128.0,89.202.255.255,32768,26/04/06,
89.206.128.0,89.206.255.255,32768,16/05/06,
89.213.16.0,89.213.31.255,4096,09/06/06,
89.213.48.0,89.213.63.255,4096,09/06/06,
89.213.64.0,89.213.127.255,16384,09/06/06,
89.213.128.0,89.213.255.255,32768,09/06/06,
89.222.0.0,89.222.127.255,32768,07/09/06,
89.234.0.0,89.234.63.255,16384,17/05/06,
89.238.128.0,89.238.191.255,16384,28/07/06,
89.240.0.0,89.243.255.255,262144,27/04/06,
89.248.16.0,89.248.31.255,4096,22/06/06,
89.248.48.0,89.248.63.255,4096,14/04/09,
89.249.64.0,89.249.79.255,4096,19/07/06,
89.250.32.0,89.250.47.255,4096,01/08/06,
89.251.112.0,89.251.127.255,4096,11/09/06,
89.251.192.0,89.251.207.255,4096,18/09/06,
89.251.208.0,89.251.223.255,4096,19/09/06,
89.255.128.0,89.255.191.255,16384,14/09/06,
90.152.0.0,90.152.127.255,32768,24/10/06,
90.155.0.0,90.155.63.255,16384,15/11/06,
90.155.64.0,90.155.95.255,8192,15/11/06,
90.155.96.0,90.155.111.255,4096,15/11/06,
90.155.112.0,90.155.127.255,4096,15/11/06,
90.192.0.0,90.207.255.255,1048576,31/05/06,
90.208.0.0,90.223.255.255,1048576,14/06/07,
90.240.0.0,90.255.255.255,1048576,08/09/06,
91.84.0.0,91.85.255.255,131072,31/07/06,
91.109.0.0,91.109.15.255,4096,18/06/12,
91.110.0.0,91.111.255.255,131072,08/08/06,
91.125.0.0,91.125.255.255,65536,09/10/06,
91.135.0.0,91.135.15.255,4096,08/11/06,
91.135.224.0,91.135.239.255,4096,27/11/06,
91.136.0.0,91.136.127.255,32768,07/09/06,
91.142.32.0,91.142.47.255,4096,10/10/06,
91.143.64.0,91.143.79.255,4096,30/10/06,
91.143.176.0,91.143.191.255,4096,02/11/06,
91.151.0.0,91.151.15.255,4096,30/11/06,
91.151.208.0,91.151.223.255,4096,21/12/06,
91.151.240.0,91.151.255.255,4096,16/09/10,
91.185.160.0,91.185.175.255,4096,30/10/06,
91.186.0.0,91.186.31.255,8192,03/11/06,
92.0.0.0,92.31.255.255,2097152,28/06/07,
92.39.112.0,92.39.127.255,4096,27/02/08,
92.39.192.0,92.39.207.255,4096,04/03/08,
92.40.0.0,92.41.255.255,131072,21/11/07,
92.48.64.0,92.48.127.255,16384,13/11/07,
92.52.64.0,92.52.127.255,16384,18/01/08,
92.54.128.0,92.54.191.255,16384,04/03/08,
92.60.96.0,92.60.111.255,4096,03/12/07,
92.60.112.0,92.60.127.255,4096,03/12/07,
92.60.240.0,92.60.255.255,4096,10/12/07,
92.62.0.0,92.62.15.255,4096,17/01/08,
92.63.128.0,92.63.143.255,4096,07/02/08,
92.207.0.0,92.207.255.255,65536,17/10/07,
92.232.0.0,92.239.255.255,524288,31/10/07,
92.242.128.0,92.242.159.255,8192,27/12/07,
92.244.160.0,92.244.191.255,8192,06/02/08,
92.245.224.0,92.245.255.255,8192,03/04/08,
93.89.80.0,93.89.95.255,4096,03/04/08,
93.89.128.0,93.89.143.255,4096,09/04/08,
93.90.192.0,93.90.207.255,4096,23/04/08,
93.91.16.0,93.91.31.255,4096,28/04/08,
93.91.32.0,93.91.47.255,4096,29/04/08,
93.96.0.0,93.96.255.255,65536,25/01/08,
93.97.0.0,93.97.255.255,65536,13/05/08,
93.121.0.0,93.121.127.255,32768,11/09/12,
93.152.0.0,93.152.127.255,32768,02/05/08,
93.184.240.0,93.184.255.255,4096,03/06/08,
93.186.16.0,93.186.31.255,4096,17/06/08,
93.186.32.0,93.186.47.255,4096,18/06/08,
93.186.144.0,93.186.159.255,4096,27/06/08,
94.0.0.0,94.15.255.255,1048576,27/05/08,
94.30.0.0,94.30.127.255,32768,16/07/08,
94.31.0.0,94.31.63.255,16384,23/07/08,
94.46.96.0,94.46.111.255,4096,03/06/08,
94.72.192.0,94.72.255.255,16384,19/01/09,
94.76.192.0,94.76.255.255,16384,07/08/08,
94.101.144.0,94.101.159.255,4096,15/08/08,
94.101.160.0,94.101.175.255,4096,21/08/08,
94.102.144.0,94.102.159.255,4096,05/09/08,
94.102.240.0,94.102.255.255,4096,10/09/08,
94.116.0.0,94.119.255.255,262144,16/07/08,
94.136.32.0,94.136.63.255,8192,17/07/08,
94.136.224.0,94.136.255.255,8192,25/07/08,
94.142.64.0,94.142.95.255,8192,18/12/08,
94.168.0.0,94.175.255.255,524288,28/08/08,
94.185.128.0,94.185.255.255,32768,18/08/08,
94.192.0.0,94.195.255.255,262144,14/08/08,
94.196.0.0,94.197.255.255,131072,25/09/08,
94.228.32.0,94.228.47.255,4096,24/09/08,
94.228.64.0,94.228.79.255,4096,06/10/08,
94.229.64.0,94.229.79.255,4096,12/11/08,
94.229.128.0,94.229.143.255,4096,14/11/08,
94.229.160.0,94.229.175.255,4096,25/11/08,
94.236.0.0,94.236.127.255,32768,20/10/08,
94.245.64.0,94.245.127.255,16384,07/11/08,
94.250.224.0,94.250.239.255,4096,11/09/12,
95.138.128.0,95.138.191.255,16384,11/09/12,
95.140.48.0,95.140.63.255,4096,26/02/09,
95.140.224.0,95.140.239.255,4096,02/04/09,
95.141.16.0,95.141.31.255,4096,04/05/09,
95.141.144.0,95.141.159.255,4096,05/06/09,
95.141.160.0,95.141.175.255,4096,08/06/09,
95.144.0.0,95.151.255.255,524288,19/01/09,
95.152.192.0,95.152.255.255,16384,13/02/09,
95.154.192.0,95.154.255.255,16384,25/02/09,
95.172.0.0,95.172.31.255,8192,25/02/09,
95.172.64.0,95.172.95.255,8192,26/02/09,
95.172.224.0,95.172.255.255,8192,03/03/09,
95.175.128.0,95.175.159.255,8192,03/04/09,
95.175.192.0,95.175.223.255,8192,07/04/09,
95.177.0.0,95.177.127.255,32768,07/01/09,
109.72.16.0,109.72.31.255,4096,04/09/09,
109.72.208.0,109.72.223.255,4096,22/09/09,
109.73.64.0,109.73.79.255,4096,11/02/11,
109.73.112.0,109.73.127.255,4096,09/10/09,
109.73.160.0,109.73.175.255,4096,12/10/09,
109.74.192.0,109.74.207.255,4096,05/11/09,
109.74.240.0,109.74.255.255,4096,13/11/09,
109.75.160.0,109.75.175.255,4096,23/11/09,
109.94.128.0,109.94.143.255,4096,14/10/09,
109.104.64.0,109.104.95.255,8192,27/08/09,
109.104.96.0,109.104.127.255,8192,04/09/09,
109.107.32.0,109.107.63.255,8192,20/04/10,
109.108.128.0,109.108.159.255,8192,28/10/09,
109.109.128.0,109.109.143.255,4096,09/11/09,
109.109.144.0,109.109.159.255,4096,09/11/09,
109.109.160.0,109.109.191.255,8192,10/11/09,
109.109.224.0,109.109.255.255,8192,13/11/09,
109.111.192.0,109.111.223.255,8192,01/12/09,
109.123.64.0,109.123.127.255,16384,12/10/09,
109.144.0.0,109.159.255.255,1048576,06/08/09,
109.169.0.0,109.169.63.255,16384,02/11/09,
109.169.64.0,109.169.95.255,8192,02/11/09,
109.170.128.0,109.170.255.255,32768,16/11/09,
109.174.128.0,109.174.255.255,32768,14/12/09,
109.175.128.0,109.175.255.255,32768,17/05/10,
109.176.0.0,109.176.255.255,65536,26/08/09,
109.180.0.0,109.180.255.255,65536,25/09/09,
109.181.0.0,109.181.255.255,65536,12/04/10,
109.200.0.0,109.200.31.255,8192,27/01/10,
109.202.224.0,109.202.255.255,8192,24/02/10,
109.203.96.0,109.203.127.255,8192,03/03/10,
109.204.0.0,109.204.127.255,32768,12/01/10,
109.207.16.0,109.207.31.255,4096,13/01/10,
109.224.128.0,109.224.191.255,16384,13/01/10,
109.224.192.0,109.224.255.255,16384,14/01/10,
109.228.0.0,109.228.63.255,16384,04/02/10,
109.231.64.0,109.231.127.255,16384,04/03/10,
109.231.192.0,109.231.255.255,16384,09/03/10,
109.236.160.0,109.236.175.255,4096,17/12/09,
109.238.64.0,109.238.79.255,4096,20/01/10,
109.238.128.0,109.238.143.255,4096,22/01/10,
109.239.80.0,109.239.95.255,4096,03/02/10,
109.239.96.0,109.239.111.255,4096,03/02/10,
109.246.0.0,109.246.255.255,65536,19/11/09,
109.249.0.0,109.249.255.255,65536,30/11/09,
128.16.0.0,128.16.255.255,65536,05/04/04,
128.40.0.0,128.40.255.255,65536,05/04/04,
128.41.0.0,128.41.255.255,65536,05/04/04,
128.86.0.0,128.86.255.255,65536,05/04/04,
128.87.0.0,128.87.255.255,65536,05/04/04,
128.98.0.0,128.98.255.255,65536,05/04/04,
128.199.0.0,128.199.255.255,65536,12/04/99,
128.232.0.0,128.232.255.255,65536,05/04/04,
128.240.0.0,128.240.255.255,65536,05/04/04,
128.243.0.0,128.243.255.255,65536,05/04/04,
129.11.0.0,129.11.255.255,65536,18/06/87,
129.12.0.0,129.12.255.255,65536,18/06/87,
129.31.0.0,129.31.255.255,65536,21/07/87,
129.67.0.0,129.67.255.255,65536,08/09/87,
129.169.0.0,129.169.255.255,65536,04/01/88,
129.215.0.0,129.215.255.255,65536,29/02/88,
129.234.0.0,129.234.255.255,65536,15/03/88,
130.24.0.0,130.24.255.255,65536,05/08/92,
130.32.0.0,130.32.255.255,65536,01/01/84,
130.43.128.0,130.43.191.255,16384,19/10/11,
130.88.0.0,130.88.255.255,65536,05/07/88,
130.148.0.0,130.148.255.255,65536,01/09/93,
130.159.0.0,130.159.255.255,65536,24/08/88,
130.193.80.0,130.193.95.255,4096,26/10/11,
130.209.0.0,130.209.255.255,65536,10/10/88,
130.246.0.0,130.246.255.255,65536,25/10/88,
130.255.16.0,130.255.31.255,4096,28/10/11,
131.111.0.0,131.111.255.255,65536,14/11/88,
131.227.0.0,131.227.255.255,65536,25/01/89,
131.231.0.0,131.231.255.255,65536,30/01/89,
131.251.0.0,131.251.255.255,65536,10/02/89,
132.146.0.0,132.146.255.255,65536,14/02/89,
132.153.0.0,132.153.255.255,65536,17/02/89,
132.185.0.0,132.185.255.255,65536,09/03/89,
132.232.0.0,132.232.255.255,65536,23/03/89,
132.244.0.0,132.244.255.255,65536,30/03/89,
134.36.0.0,134.36.255.255,65536,24/04/89,
134.83.0.0,134.83.255.255,65536,18/05/89,
134.90.192.0,134.90.207.255,4096,07/11/11,
134.128.0.0,134.128.31.255,8192,05/06/89,
134.128.64.0,134.128.127.255,16384,05/06/89,
134.128.128.0,134.128.255.255,32768,05/06/89,
134.142.0.0,134.142.255.255,65536,01/09/93,
134.151.0.0,134.151.255.255,65536,16/06/89,
134.183.0.0,134.183.255.255,65536,05/07/89,
134.191.0.0,134.191.255.255,65536,25/11/95,
134.219.0.0,134.219.255.255,65536,25/07/89,
134.220.0.0,134.220.255.255,65536,27/07/89,
134.225.0.0,134.225.255.255,65536,01/08/89,
135.196.0.0,135.196.255.255,65536,15/09/00,
136.148.0.0,136.148.255.255,65536,14/04/04,
136.156.0.0,136.156.255.255,65536,14/04/04,
136.170.0.0,136.170.255.255,65536,29/12/99,
137.44.0.0,137.44.255.255,65536,25/10/89,
137.50.0.0,137.50.255.255,65536,08/03/91,
137.73.0.0,137.73.255.255,65536,07/11/89,
137.101.0.0,137.101.255.255,65536,01/11/89,
137.105.0.0,137.105.255.255,65536,16/11/89,
137.108.0.0,137.108.255.255,65536,16/11/89,
137.195.0.0,137.195.255.255,65536,21/12/89,
137.205.0.0,137.205.255.255,65536,03/01/90,
137.213.0.0,137.213.255.255,65536,09/01/90,
137.218.0.0,137.218.255.255,65536,10/01/90,
137.221.0.0,137.221.23.255,6144,10/01/90,
137.221.24.0,137.221.127.255,26624,10/01/90,
137.221.128.0,137.221.191.255,16384,10/01/90,
137.221.192.0,137.221.255.255,16384,10/01/90,
137.222.0.0,137.222.255.255,65536,08/03/91,
137.223.0.0,137.223.255.255,65536,10/01/90,
137.253.0.0,137.253.255.255,65536,20/01/90,
138.37.0.0,138.37.255.255,65536,31/01/90,
138.38.0.0,138.38.255.255,65536,31/01/90,
138.40.0.0,138.40.255.255,65536,31/01/90,
138.104.0.0,138.104.255.255,65536,25/04/90,
138.198.0.0,138.198.255.255,65536,20/12/99,
138.248.0.0,138.248.255.255,65536,01/09/93,
138.250.0.0,138.250.255.255,65536,15/06/90,
138.251.0.0,138.251.255.255,65536,15/06/90,
138.253.0.0,138.253.255.255,65536,15/06/90,
139.133.0.0,139.133.255.255,65536,13/03/90,
139.143.0.0,139.143.255.255,65536,15/03/90,
139.149.0.0,139.149.255.255,65536,16/03/90,
139.153.0.0,139.153.255.255,65536,05/10/92,
139.166.0.0,139.166.255.255,65536,24/03/90,
139.184.0.0,139.184.255.255,65536,27/03/90,
139.222.0.0,139.222.255.255,65536,29/03/90,
140.97.0.0,140.97.255.255,65536,01/01/84,
141.0.32.0,141.0.63.255,8192,20/06/11,
141.0.144.0,141.0.159.255,4096,20/06/11,
141.0.208.0,141.0.223.255,4096,21/06/11,
141.11.0.0,141.11.255.255,65536,26/05/92,
141.92.0.0,141.92.255.255,65536,10/02/93,
141.94.0.0,141.94.255.255,65536,19/02/93,
141.95.0.0,141.95.255.255,65536,19/02/93,
141.97.0.0,141.97.255.255,65536,24/02/93,
141.105.176.0,141.105.191.255,4096,28/06/11,
141.105.192.0,141.105.255.255,16384,28/06/11,
141.138.224.0,141.138.255.255,8192,01/07/11,
141.163.0.0,141.163.255.255,65536,23/07/90,
141.170.0.0,141.170.127.255,32768,01/07/11,
141.228.0.0,141.228.255.255,65536,06/08/90,
141.231.0.0,141.231.255.255,65536,01/09/93,
141.241.0.0,141.241.255.255,65536,10/08/90,
141.245.0.0,141.245.255.255,65536,10/08/90,
143.41.0.0,143.41.255.255,65536,22/08/90,
143.52.0.0,143.52.255.255,65536,28/08/90,
143.53.0.0,143.53.255.255,65536,28/08/90,
143.65.0.0,143.65.255.255,65536,26/03/90,
143.117.0.0,143.117.255.255,65536,17/09/90,
143.167.0.0,143.167.255.255,65536,26/09/90,
143.210.0.0,143.210.255.255,65536,30/06/90,
143.234.0.0,143.234.255.255,65536,23/10/90,
143.252.0.0,143.252.255.255,65536,26/10/90,
144.32.0.0,144.32.255.255,65536,01/01/84,
144.82.0.0,144.82.255.255,65536,20/11/90,
144.87.0.0,144.87.255.255,65536,20/11/90,
144.98.0.0,144.98.255.255,65536,01/01/84,
144.124.0.0,144.124.255.255,65536,01/12/90,
144.173.0.0,144.173.255.255,65536,17/12/90,
144.178.0.0,144.178.255.255,65536,02/12/92,
145.55.0.0,145.55.255.255,65536,01/09/93,
145.224.0.0,145.224.255.255,65536,06/05/93,
145.227.0.0,145.227.255.255,65536,13/10/93,
145.229.0.0,145.229.255.255,65536,07/06/93,
145.233.0.0,145.233.255.255,65536,04/04/01,
145.239.0.0,145.239.255.255,65536,03/08/93,
145.246.0.0,145.246.255.255,65536,24/08/98,
146.66.32.0,146.66.63.255,8192,11/07/11,
146.70.0.0,146.70.255.255,65536,23/01/91,
146.77.0.0,146.77.255.255,65536,01/09/93,
146.80.0.0,146.80.255.255,65536,25/01/91,
146.87.0.0,146.87.255.255,65536,28/01/91,
146.90.0.0,146.90.255.255,65536,11/07/11,
146.97.0.0,146.97.255.255,65536,31/01/91,
146.101.0.0,146.101.255.255,65536,23/06/92,
146.105.0.0,146.105.255.255,65536,26/08/92,
146.162.0.0,146.162.255.255,65536,15/02/91,
146.169.0.0,146.169.255.255,65536,22/02/91,
146.176.0.0,146.176.255.255,65536,22/02/91,
146.177.0.0,146.177.255.255,65536,01/09/93,
146.179.0.0,146.179.255.255,65536,26/02/91,
146.185.16.0,146.185.31.255,4096,12/07/11,
146.188.0.0,146.188.255.255,65536,01/01/96,
146.191.0.0,146.191.255.255,65536,26/02/91,
146.194.0.0,146.194.255.255,65536,01/09/93,
146.227.0.0,146.227.255.255,65536,28/02/91,
146.247.48.0,146.247.63.255,4096,14/07/11,
146.255.0.0,146.255.15.255,4096,18/07/11,
147.68.0.0,147.68.255.255,65536,05/07/91,
147.77.0.0,147.77.255.255,65536,11/07/91,
147.89.0.0,147.89.255.255,65536,19/07/91,
147.114.0.0,147.114.255.255,65536,19/03/91,
147.119.0.0,147.119.255.255,65536,25/11/92,
147.143.0.0,147.143.255.255,65536,12/04/91,
147.147.0.0,147.152.255.255,393216,01/01/84,
147.184.0.0,147.184.255.255,65536,05/07/91,
147.188.0.0,147.188.255.255,65536,05/07/91,
147.189.0.0,147.189.255.255,65536,08/07/91,
147.193.0.0,147.193.255.255,65536,09/07/91,
147.197.0.0,147.197.255.255,65536,11/07/91,
147.201.0.0,147.201.255.255,65536,01/09/93,
148.3.0.0,148.3.255.255,65536,01/09/93,
148.79.0.0,148.79.255.255,65536,11/04/91,
148.88.0.0,148.88.255.255,65536,12/04/91,
148.176.0.0,148.176.255.255,65536,01/09/93,
148.181.0.0,148.181.255.255,65536,16/05/91,
148.197.0.0,148.197.255.255,65536,23/05/91,
148.252.0.0,148.253.255.255,131072,01/09/93,
149.3.128.0,149.3.143.255,4096,21/07/11,
149.154.160.0,149.154.175.255,4096,10/08/11,
149.155.0.0,149.155.255.255,65536,03/05/91,
149.170.0.0,149.170.255.255,65536,09/05/91,
149.177.0.0,149.195.255.255,1245184,13/05/91,
149.196.0.0,149.196.255.255,65536,13/05/91,
149.223.0.0,149.223.255.255,65536,23/03/01,
149.241.0.0,149.241.255.255,65536,19/09/11,
149.254.0.0,149.254.255.255,65536,01/01/90,
149.255.96.0,149.255.111.255,4096,19/08/11,
150.204.0.0,150.204.255.255,65536,07/06/91,
150.237.0.0,150.237.255.255,65536,12/08/91,
151.115.0.0,151.115.255.255,65536,01/09/93,
151.129.0.0,151.129.255.255,65536,17/06/91,
151.133.0.0,151.133.255.255,65536,30/05/91,
151.170.0.0,151.170.255.255,65536,07/08/91,
151.176.0.0,151.176.255.255,65536,05/09/91,
151.180.0.0,151.180.255.255,65536,17/09/91,
151.182.0.0,151.182.255.255,65536,17/09/91,
151.211.0.0,151.211.255.255,65536,25/09/91,
151.212.0.0,151.212.255.255,65536,25/09/91,
151.224.0.0,151.231.255.255,524288,09/08/12,
151.236.32.0,151.236.63.255,8192,14/08/12,
151.249.0.0,151.249.63.255,16384,20/08/12,
151.249.64.0,151.249.79.255,4096,20/08/12,
152.71.0.0,152.71.255.255,65536,21/08/91,
152.78.0.0,152.78.255.255,65536,27/08/91,
152.105.0.0,152.105.255.255,65536,30/07/91,
152.114.0.0,152.114.255.255,65536,01/01/84,
152.134.0.0,152.134.255.255,65536,21/08/91,
152.150.0.0,152.150.255.255,65536,01/09/93,
154.8.0.0,154.8.255.255,65536,22/03/05,
154.32.0.0,154.32.255.255,65536,22/03/05,
155.131.0.0,155.131.255.255,65536,06/11/91,
155.136.0.0,155.136.255.255,65536,08/11/91,
155.140.0.0,155.140.255.255,65536,12/11/91,
155.145.0.0,155.145.255.255,65536,27/03/92,
155.192.0.0,155.192.255.255,65536,22/11/91,
155.198.0.0,155.198.255.255,65536,02/01/92,
155.202.0.0,155.202.255.255,65536,22/11/91,
155.231.0.0,155.231.255.255,65536,04/12/91,
155.245.0.0,155.245.255.255,65536,11/12/91,
155.249.0.0,155.249.255.255,65536,01/09/93,
156.43.0.0,156.43.255.255,65536,09/12/91,
156.48.0.0,156.48.255.255,65536,09/12/91,
156.61.0.0,156.61.255.255,65536,12/12/91,
157.83.0.0,157.83.255.255,65536,07/04/04,
157.84.0.0,157.84.255.255,65536,01/09/93,
157.96.0.0,157.96.255.255,65536,07/04/04,
157.140.0.0,157.140.255.255,65536,07/04/04,
157.173.0.0,157.173.255.255,65536,01/09/93,
157.203.0.0,157.203.255.255,65536,07/04/04,
157.228.0.0,157.228.255.255,65536,07/04/04,
157.236.0.0,157.236.255.255,65536,07/04/04,
158.41.0.0,158.41.255.255,65536,10/02/92,
158.43.0.0,158.43.255.255,65536,30/03/98,
158.94.0.0,158.94.255.255,65536,20/02/92,
158.119.0.0,158.119.255.255,65536,28/02/92,
158.124.0.0,158.124.255.255,65536,02/03/92,
158.125.0.0,158.125.255.255,65536,03/03/92,
158.143.0.0,158.143.255.255,65536,10/03/92,
158.152.0.0,158.152.255.255,65536,13/03/92,
158.174.0.0,158.174.255.255,65536,24/03/92,
158.175.0.0,158.175.255.255,65536,24/03/92,
158.176.0.0,158.176.255.255,65536,24/03/92,
158.177.0.0,158.177.255.255,65536,24/03/92,
158.178.0.0,158.178.255.255,65536,24/03/92,
158.179.0.0,158.179.255.255,65536,24/03/92,
158.180.0.0,158.180.255.255,65536,24/03/92,
158.218.0.0,158.218.255.255,65536,01/04/92,
158.223.0.0,158.223.255.255,65536,02/04/92,
158.230.0.0,158.230.255.255,65536,03/04/92,
158.234.0.0,158.234.255.255,65536,08/04/92,
159.15.0.0,159.15.255.255,65536,12/11/91,
159.20.32.0,159.20.63.255,8192,02/09/11,
159.30.0.0,159.30.255.255,65536,01/09/93,
159.34.0.0,159.34.255.255,65536,02/03/92,
159.86.0.0,159.86.255.255,65536,24/08/11,
159.92.0.0,159.92.255.255,65536,30/03/92,
159.100.0.0,159.100.127.255,32768,31/03/92,
159.100.128.0,159.100.159.255,8192,31/03/92,
159.100.160.0,159.100.175.255,4096,31/03/92,
159.100.176.0,159.100.191.255,4096,31/03/92,
159.100.192.0,159.100.207.255,4096,31/03/92,
159.100.208.0,159.100.223.255,4096,31/03/92,
159.100.224.0,159.100.239.255,4096,31/03/92,
159.100.240.0,159.100.255.255,4096,31/03/92,
159.101.0.0,159.101.255.255,65536,31/03/92,
159.114.0.0,159.114.255.255,65536,01/09/93,
159.147.0.0,159.147.255.255,65536,01/09/93,
159.167.0.0,159.167.255.255,65536,01/09/93,
159.170.0.0,159.170.255.255,65536,01/01/84,
159.180.0.0,159.180.63.255,16384,01/09/93,
159.180.64.0,159.180.95.255,8192,01/09/93,
159.180.96.0,159.180.127.255,8192,01/09/93,
159.180.128.0,159.180.191.255,16384,01/09/93,
159.180.192.0,159.180.223.255,8192,01/09/93,
159.180.224.0,159.180.255.255,8192,01/09/93,
159.197.0.0,159.197.255.255,65536,28/05/92,
159.219.0.0,159.219.255.255,65536,01/09/93,
159.236.0.0,159.236.255.255,65536,01/09/93,
159.239.0.0,159.239.255.255,65536,12/06/92,
159.244.0.0,159.244.255.255,65536,17/06/92,
159.253.64.0,159.253.79.255,4096,21/09/11,
159.253.192.0,159.253.207.255,4096,22/09/11,
159.254.0.0,159.254.255.255,65536,01/09/93,
160.5.0.0,160.5.255.255,65536,05/04/04,
160.9.0.0,160.9.255.255,65536,05/04/04,
160.38.0.0,160.38.255.255,65536,01/09/93,
160.100.0.0,160.100.255.255,65536,05/04/04,
160.104.0.0,160.104.255.255,65536,05/04/04,
160.213.0.0,160.213.255.255,65536,01/09/93,
161.2.0.0,161.2.255.255,65536,20/04/92,
161.12.0.0,161.12.255.255,65536,27/04/92,
161.17.0.0,161.17.255.255,65536,01/09/93,
161.23.0.0,161.23.255.255,65536,01/05/92,
161.30.0.0,161.30.255.255,65536,06/05/92,
161.71.0.0,161.71.255.255,65536,15/06/92,
161.73.0.0,161.73.255.255,65536,16/06/92,
161.74.0.0,161.74.255.255,65536,17/06/92,
161.76.0.0,161.76.255.255,65536,18/06/92,
161.112.0.0,161.112.255.255,65536,29/07/93,
162.11.0.0,162.11.255.255,65536,30/06/92,
162.13.0.0,162.13.255.255,65536,30/06/92,
163.1.0.0,163.1.255.255,65536,25/06/92,
163.119.0.0,163.119.255.255,65536,20/07/92,
163.156.0.0,163.156.255.255,65536,13/09/02,
163.160.0.0,163.160.255.255,65536,21/08/92,
163.164.0.0,163.164.255.255,65536,26/08/92,
163.166.0.0,163.166.255.255,65536,27/08/92,
163.167.0.0,163.167.255.255,65536,01/09/92,
163.169.0.0,163.169.255.255,65536,08/09/92,
163.170.0.0,163.170.255.255,65536,08/09/92,
163.171.0.0,163.172.255.255,131072,14/02/92,
164.6.0.0,164.6.255.255,65536,25/09/92,
164.11.0.0,164.11.255.255,65536,20/10/92,
164.12.0.0,164.12.255.255,65536,02/11/92,
164.36.0.0,164.36.255.255,65536,23/11/92,
164.38.0.0,164.38.255.255,65536,02/02/93,
164.39.0.0,164.39.95.255,24576,10/02/93,
164.39.96.0,164.39.127.255,8192,10/02/93,
164.39.128.0,164.39.255.255,32768,10/02/93,
164.40.208.0,164.40.223.255,4096,17/11/11,
164.134.0.0,164.134.255.255,65536,26/08/93,
164.136.0.0,164.136.255.255,65536,23/11/93,
164.137.0.0,164.137.255.255,65536,01/12/93,
164.143.0.0,164.143.255.255,65536,03/03/94,
164.177.128.0,164.177.159.255,8192,18/11/11,
166.49.128.0,166.49.255.255,32768,24/03/93,
167.172.0.0,167.172.255.255,65536,30/08/93,
167.203.0.0,167.203.255.255,65536,28/09/93,
171.22.0.0,171.22.255.255,65536,15/04/94,
171.28.0.0,171.30.255.255,196608,09/01/95,
171.33.160.0,171.33.175.255,4096,03/07/12,
171.33.192.0,171.33.223.255,8192,03/07/12,
176.24.0.0,176.27.255.255,262144,19/05/11,
176.35.0.0,176.35.255.255,65536,23/05/11,
176.46.160.0,176.46.191.255,8192,25/05/11,
176.56.192.0,176.56.223.255,8192,30/05/11,
176.58.96.0,176.58.127.255,8192,06/06/11,
176.67.160.0,176.67.175.255,4096,14/06/11,
176.74.160.0,176.74.191.255,8192,15/06/11,
176.97.64.0,176.97.79.255,4096,21/09/11,
176.123.32.0,176.123.47.255,4096,27/07/12,
176.227.128.0,176.227.143.255,4096,01/12/11,
176.227.192.0,176.227.223.255,8192,02/12/11,
176.248.0.0,176.255.255.255,524288,05/12/11,
178.16.0.0,178.16.15.255,4096,18/01/10,
178.16.224.0,178.16.239.255,4096,10/03/10,
178.17.32.0,178.17.47.255,4096,15/03/10,
178.17.64.0,178.17.79.255,4096,17/03/10,
178.17.240.0,178.17.255.255,4096,07/04/10,
178.18.112.0,178.18.127.255,4096,13/04/10,
178.78.64.0,178.78.127.255,16384,22/04/10,
178.79.128.0,178.79.191.255,16384,10/05/10,
178.96.0.0,178.111.255.255,1048576,18/11/09,
178.208.160.0,178.208.191.255,8192,29/03/10,
178.215.128.0,178.215.143.255,4096,15/07/10,
178.236.128.0,178.236.143.255,4096,09/06/10,
178.236.144.0,178.236.159.255,4096,10/06/10,
178.237.112.0,178.237.127.255,4096,25/06/10,
178.237.160.0,178.237.175.255,4096,25/06/10,
178.238.80.0,178.238.95.255,4096,14/07/10,
178.238.128.0,178.238.143.255,4096,16/07/10,
178.238.144.0,178.238.159.255,4096,21/07/10,
178.239.80.0,178.239.95.255,4096,06/08/10,
178.239.96.0,178.239.111.255,4096,20/08/10,
178.239.160.0,178.239.175.255,4096,02/09/10,
188.28.0.0,188.31.255.255,262144,13/02/09,
188.39.0.0,188.39.255.255,65536,17/04/09,
188.66.64.0,188.66.127.255,16384,05/01/11,
188.74.64.0,188.74.127.255,16384,05/08/09,
188.122.32.0,188.122.63.255,8192,03/06/09,
188.125.64.0,188.125.95.255,8192,06/07/09,
188.164.0.0,188.164.127.255,32768,12/09/12,
188.172.144.0,188.172.159.255,4096,03/08/09,
188.172.160.0,188.172.191.255,8192,03/08/09,
188.220.0.0,188.223.255.255,262144,26/05/09,
188.227.160.0,188.227.191.255,8192,16/09/11,
188.240.160.0,188.240.191.255,8192,23/06/09,
188.244.112.0,188.244.127.255,4096,04/01/11,
188.246.192.0,188.246.223.255,8192,04/01/11,
192.76.6.0,192.76.22.255,4352,15/08/90,
192.122.1.0,192.122.130.255,33280,09/08/91,
192.122.151.0,192.122.170.255,5120,27/08/91,
193.17.128.0,193.17.169.255,10752,29/07/92,
193.26.64.0,193.26.95.255,8192,11/03/93,
193.35.64.0,193.35.79.255,4096,27/11/92,
193.35.112.0,193.35.127.255,4096,27/11/92,
193.35.128.0,193.35.143.255,4096,23/02/93,
193.35.162.0,193.35.181.255,5120,03/08/94,
193.35.182.0,193.35.197.255,4096,11/01/93,
193.36.16.0,193.36.31.255,4096,09/02/93,
193.36.96.0,193.36.127.255,8192,03/03/93,
193.36.240.0,193.36.255.255,4096,29/03/93,
193.37.0.0,193.37.31.255,8192,31/03/93,
193.37.88.0,193.37.107.255,5120,27/04/93,
193.37.112.0,193.37.127.255,4096,13/05/93,
193.37.160.0,193.37.175.255,4096,10/02/94,
193.37.176.0,193.37.191.255,4096,09/04/99,
193.38.64.0,193.38.127.255,16384,30/06/93,
193.38.160.0,193.38.191.255,8192,09/07/93,
193.38.192.0,193.38.223.255,8192,17/11/98,
193.39.16.0,193.39.31.255,4096,19/07/93,
193.39.32.0,193.39.65.255,8704,13/08/93,
193.39.96.0,193.39.111.255,4096,26/04/99,
193.39.144.0,193.39.159.255,4096,15/09/93,
193.60.0.0,193.63.255.255,262144,01/09/93,
193.82.0.0,193.82.255.255,65536,19/04/95,
193.84.224.0,193.84.239.255,4096,14/11/97,
193.112.0.0,193.112.255.255,65536,10/02/94,
193.113.0.0,193.113.255.255,65536,10/02/94,
193.114.0.0,193.115.255.255,131072,10/02/94,
193.116.0.0,193.117.255.255,131072,10/02/94,
193.118.0.0,193.118.255.255,65536,10/02/94,
193.119.0.0,193.119.255.255,65536,09/06/94,
193.122.0.0,193.122.255.255,65536,07/10/94,
193.123.0.0,193.123.255.255,65536,26/06/95,
193.128.0.0,193.129.255.255,131072,14/10/93,
193.130.0.0,193.130.255.255,65536,14/10/93,
193.131.0.0,193.131.255.255,65536,05/05/94,
193.132.0.0,193.132.255.255,65536,04/07/94,
193.133.0.0,193.133.255.255,65536,04/11/94,
193.149.64.0,193.149.95.255,8192,08/03/96,
193.150.128.0,193.150.151.255,6144,10/06/97,
193.164.96.0,193.164.127.255,8192,29/04/96,
193.192.64.0,193.192.95.255,8192,18/03/96,
193.192.192.0,193.192.223.255,8192,21/05/96,
193.193.96.0,193.193.127.255,8192,03/06/96,
193.195.0.0,193.195.255.255,65536,01/09/93,
193.202.192.0,193.202.223.255,8192,11/05/93,
193.202.224.0,193.202.239.255,4096,13/07/93,
193.203.64.0,193.203.95.255,8192,11/06/96,
193.203.240.0,193.203.255.255,4096,08/02/00,
193.218.160.0,193.218.175.255,4096,10/06/96,
193.237.0.0,193.237.255.255,65536,24/07/97,
193.240.0.0,193.240.255.255,65536,01/09/93,
193.242.224.0,193.242.239.255,4096,10/01/94,
193.243.0.0,193.243.127.255,32768,16/08/93,
193.243.224.0,193.243.255.255,8192,11/04/96,
194.6.96.0,194.6.127.255,8192,30/11/95,
194.9.240.0,194.9.255.255,4096,02/11/99,
194.32.0.0,194.32.31.255,8192,11/10/93,
194.32.32.0,194.32.47.255,4096,11/10/93,
194.32.48.0,194.32.66.255,4864,11/10/93,
194.32.176.0,194.32.195.255,5120,14/12/93,
194.32.224.0,194.32.255.255,8192,06/01/94,
194.33.128.0,194.33.143.255,4096,07/04/95,
194.33.160.0,194.33.179.255,5120,06/01/94,
194.33.192.0,194.33.255.255,16384,06/01/94,
194.34.16.0,194.34.35.255,5120,12/05/95,
194.34.36.0,194.34.55.255,5120,08/02/94,
194.34.64.0,194.34.95.255,8192,09/02/94,
194.34.112.0,194.34.127.255,4096,15/02/94,
194.34.176.0,194.34.191.255,4096,01/03/94,
194.34.204.0,194.34.222.255,4864,08/03/94,
194.35.128.0,194.35.159.255,8192,25/04/94,
194.35.160.0,194.35.175.255,4096,04/05/94,
194.35.192.0,194.35.223.255,8192,04/05/94,
194.42.64.0,194.42.95.255,8192,10/04/96,
194.42.224.0,194.42.255.255,8192,05/10/95,
194.43.0.0,194.43.255.255,65536,09/04/96,
194.46.0.0,194.46.31.255,8192,28/02/94,
194.46.32.0,194.46.63.255,8192,28/02/94,
194.46.64.0,194.46.95.255,8192,28/02/94,
194.46.96.0,194.46.127.255,8192,28/02/94,
194.46.128.0,194.46.191.255,16384,28/02/94,
194.60.0.0,194.60.63.255,16384,15/05/94,
194.60.96.0,194.60.111.255,4096,15/06/94,
194.60.112.0,194.60.131.255,5120,15/06/94,
194.60.144.0,194.60.159.255,4096,16/06/94,
194.60.160.0,194.60.191.255,8192,20/06/94,
194.61.32.0,194.61.47.255,4096,18/07/94,
194.61.160.0,194.61.175.255,4096,24/08/94,
194.61.176.0,194.61.191.255,4096,02/09/94,
194.61.192.0,194.61.223.255,8192,24/08/94,
194.62.80.0,194.62.95.255,4096,07/10/94,
194.63.0.0,194.63.127.255,32768,10/05/94,
194.66.0.0,194.66.255.255,65536,18/04/94,
194.69.64.0,194.69.95.255,8192,11/11/96,
194.69.96.0,194.69.127.255,8192,18/12/96,
194.70.0.0,194.70.255.255,65536,28/06/94,
194.72.0.0,194.72.255.255,65536,01/07/94,
194.73.0.0,194.73.255.255,65536,17/10/95,
194.74.0.0,194.74.255.255,65536,07/05/96,
194.75.0.0,194.75.255.255,65536,16/10/96,
194.80.0.0,194.80.255.255,65536,01/09/93,
194.81.0.0,194.81.255.255,65536,17/03/95,
194.82.0.0,194.82.255.255,65536,29/08/95,
194.83.0.0,194.83.255.255,65536,20/02/96,
194.88.64.0,194.88.95.255,8192,23/07/96,
194.93.128.0,194.93.159.255,8192,22/07/96,
194.101.0.0,194.101.255.255,65536,11/10/94,
194.102.0.0,194.102.31.255,8192,14/10/94,
194.105.64.0,194.105.95.255,8192,05/07/96,
194.105.160.0,194.105.191.255,8192,18/07/96,
194.106.32.0,194.106.63.255,8192,28/03/96,
194.112.32.0,194.112.63.255,8192,09/01/96,
194.117.128.0,194.117.159.255,8192,28/02/96,
194.119.128.0,194.119.191.255,16384,22/02/96,
194.126.64.0,194.126.95.255,8192,20/12/95,
194.128.0.0,194.128.255.255,65536,21/12/94,
194.129.0.0,194.129.255.255,65536,07/03/95,
194.130.0.0,194.130.255.255,65536,24/05/95,
194.131.0.0,194.131.255.255,65536,24/07/95,
194.143.160.0,194.143.191.255,8192,22/04/96,
194.145.0.0,194.145.31.255,8192,10/09/96,
194.150.0.0,194.150.31.255,8192,31/10/95,
194.150.32.0,194.150.63.255,8192,26/08/97,
194.152.64.0,194.152.95.255,8192,19/01/96,
194.153.0.0,194.153.31.255,8192,04/10/95,
194.154.0.0,194.154.31.255,8192,27/09/95,
194.154.32.0,194.154.63.255,8192,19/10/95,
194.154.96.0,194.154.127.255,8192,23/11/95,
194.154.160.0,194.154.191.255,8192,20/03/98,
194.155.0.0,194.155.255.255,65536,24/04/95,
194.159.0.0,194.159.255.255,65536,03/05/95,
194.164.0.0,194.164.255.255,65536,07/03/96,
194.165.192.0,194.165.223.255,8192,05/02/96,
194.168.0.0,194.168.31.255,8192,11/12/95,
194.168.32.0,194.168.63.255,8192,17/01/96,
194.168.64.0,194.168.127.255,16384,14/08/96,
194.168.128.0,194.168.255.255,32768,14/08/96,
194.169.0.0,194.169.15.255,4096,09/06/95,
194.169.16.0,194.169.31.255,4096,13/06/95,
194.169.32.0,194.169.47.255,4096,13/06/95,
194.169.64.0,194.169.79.255,4096,04/06/95,
194.169.96.0,194.169.119.255,6144,28/06/95,
194.169.128.0,194.169.158.255,7936,20/09/96,
194.176.64.0,194.176.95.255,8192,19/01/96,
194.176.192.0,194.176.223.255,8192,07/12/95,
194.177.176.0,194.177.191.255,4096,09/08/95,
194.183.96.0,194.183.127.255,8192,16/04/96,
194.189.0.0,194.189.255.255,65536,04/08/95,
194.193.0.0,194.193.127.255,32768,31/08/95,
194.193.128.0,194.193.255.255,32768,09/10/95,
194.200.0.0,194.200.255.255,65536,21/09/95,
194.201.0.0,194.201.255.255,65536,31/01/96,
194.202.0.0,194.202.255.255,65536,26/03/96,
194.203.0.0,194.203.255.255,65536,23/07/96,
194.207.0.0,194.207.255.255,65536,04/04/96,
194.216.0.0,194.216.255.255,65536,07/12/95,
194.217.0.0,194.217.255.255,65536,08/12/95,
194.222.0.0,194.222.31.255,8192,21/12/95,
194.222.32.0,194.222.63.255,8192,27/03/96,
194.222.64.0,194.222.127.255,16384,26/06/96,
194.222.128.0,194.222.255.255,32768,26/06/96,
194.223.0.0,194.223.255.255,65536,21/12/95,
194.227.0.0,194.227.255.255,65536,08/01/96,
194.238.0.0,194.238.255.255,65536,02/02/96,
194.242.128.0,194.242.159.255,8192,14/02/96,
194.247.64.0,194.247.95.255,8192,06/03/96,
194.247.224.0,194.247.255.255,8192,14/03/96,
195.2.128.0,195.2.159.255,8192,21/10/96,
195.7.192.0,195.7.223.255,8192,26/05/97,
195.7.224.0,195.7.255.255,8192,15/01/98,
195.8.64.0,195.8.95.255,8192,23/01/97,
195.8.160.0,195.8.191.255,8192,11/12/97,
195.10.96.0,195.10.127.255,8192,13/08/97,
195.10.224.0,195.10.255.255,8192,14/11/97,
195.11.0.0,195.11.255.255,65536,02/10/96,
195.12.0.0,195.12.31.255,8192,15/05/96,
195.13.64.0,195.13.127.255,16384,18/11/97,
195.14.64.0,195.14.95.255,8192,04/02/97,
195.16.160.0,195.16.191.255,8192,26/09/97,
195.21.0.0,195.21.255.255,65536,01/11/96,
195.26.32.0,195.26.63.255,8192,19/06/97,
195.26.96.0,195.26.127.255,8192,14/08/97,
195.26.224.0,195.26.255.255,8192,12/11/97,
195.38.64.0,195.38.95.255,8192,06/02/97,
195.40.0.0,195.40.63.255,16384,24/04/96,
195.40.64.0,195.40.95.255,8192,01/08/96,
195.40.96.0,195.40.127.255,8192,03/10/96,
195.40.128.0,195.40.255.255,32768,03/10/96,
195.50.64.0,195.50.127.255,16384,12/02/97,
195.54.224.0,195.54.255.255,8192,26/11/97,
195.58.64.0,195.58.95.255,8192,13/02/97,
195.58.128.0,195.58.159.255,8192,06/11/96,
195.58.192.0,195.58.223.255,8192,16/04/97,
195.60.0.0,195.60.31.255,8192,10/06/96,
195.62.192.0,195.62.223.255,8192,17/04/97,
195.66.224.0,195.66.255.255,8192,01/12/97,
195.68.0.0,195.68.127.255,32768,10/06/96,
195.70.64.0,195.70.95.255,8192,14/02/97,
195.72.32.0,195.72.63.255,8192,09/06/97,
195.72.160.0,195.72.191.255,8192,30/09/97,
195.74.96.0,195.74.127.255,8192,28/08/97,
195.74.128.0,195.74.159.255,8192,11/11/96,
195.80.0.0,195.80.31.255,8192,17/04/96,
195.80.32.0,195.80.63.255,8192,03/06/97,
195.80.64.0,195.80.95.255,8192,16/01/97,
195.81.0.0,195.81.255.255,65536,12/03/97,
195.82.96.0,195.82.127.255,8192,02/09/97,
195.89.0.0,195.89.255.255,65536,21/02/97,
195.92.0.0,195.92.255.255,65536,12/06/96,
195.93.0.0,195.93.127.255,32768,27/02/97,
195.94.112.0,195.94.127.255,4096,03/09/97,
195.97.192.0,195.97.255.255,16384,04/12/97,
195.99.0.0,195.99.255.255,65536,05/03/97,
195.102.0.0,195.102.255.255,65536,19/08/96,
195.104.0.0,195.104.255.255,65536,29/04/96,
195.105.0.0,195.105.255.255,65536,26/09/96,
195.106.0.0,195.106.255.255,65536,11/04/97,
195.107.0.0,195.107.255.255,65536,21/10/97,
195.110.64.0,195.110.95.255,8192,24/02/97,
195.110.160.0,195.110.191.255,8192,28/10/97,
195.112.0.0,195.112.31.255,8192,17/04/96,
195.112.32.0,195.112.63.255,8192,08/10/97,
195.122.32.0,195.122.63.255,8192,15/07/97,
195.122.128.0,195.122.159.255,8192,26/11/96,
195.122.160.0,195.122.191.255,8192,21/10/97,
195.130.0.0,195.130.31.255,8192,23/08/96,
195.134.0.0,195.134.31.255,8192,26/08/96,
195.134.192.0,195.134.223.255,8192,25/04/97,
195.137.0.0,195.137.127.255,32768,01/05/97,
195.143.0.0,195.143.31.255,8192,13/05/97,
195.143.32.0,195.143.63.255,8192,28/07/97,
195.143.64.0,195.143.127.255,16384,28/07/97,
195.143.128.0,195.143.255.255,32768,28/07/97,
195.146.160.0,195.146.191.255,8192,31/10/97,
195.147.0.0,195.147.31.255,8192,30/05/97,
195.147.32.0,195.147.63.255,8192,12/11/97,
195.147.64.0,195.147.127.255,16384,12/11/97,
195.147.128.0,195.147.255.255,32768,12/11/97,
195.149.0.0,195.149.63.255,16384,22/03/99,
195.152.0.0,195.152.255.255,65536,03/05/96,
195.153.0.0,195.153.255.255,65536,27/02/97,
195.157.0.0,195.157.255.255,65536,02/06/97,
195.162.96.0,195.162.111.255,4096,09/09/97,
195.162.112.0,195.162.127.255,4096,09/09/97,
195.166.0.0,195.166.31.255,8192,02/09/96,
195.166.32.0,195.166.63.255,8192,30/07/97,
195.166.64.0,195.166.127.255,16384,30/07/97,
195.166.128.0,195.166.159.255,8192,11/12/96,
195.167.128.0,195.167.191.255,16384,05/01/98,
195.167.240.0,195.167.255.255,4096,05/01/98,
195.171.0.0,195.171.31.255,8192,18/06/97,
195.171.32.0,195.171.63.255,8192,14/07/97,
195.171.64.0,195.171.127.255,16384,20/08/97,
195.171.128.0,195.171.255.255,32768,21/10/97,
195.172.0.0,195.172.255.255,65536,26/06/96,
195.173.0.0,195.173.31.255,8192,19/06/97,
195.173.32.0,195.173.63.255,8192,02/09/97,
195.173.64.0,195.173.127.255,16384,02/09/97,
195.173.128.0,195.173.255.255,32768,02/09/97,
195.182.160.0,195.182.191.255,8192,10/11/97,
195.184.224.0,195.184.255.255,8192,14/11/97,
195.188.0.0,195.188.255.255,65536,03/07/96,
195.190.64.0,195.190.95.255,8192,28/02/97,
195.194.0.0,195.194.255.255,65536,10/09/96,
195.195.0.0,195.195.255.255,65536,30/06/97,
195.200.0.0,195.200.31.255,8192,09/05/96,
195.200.128.0,195.200.159.255,8192,11/10/96,
195.202.96.0,195.202.127.255,8192,27/01/98,
195.206.160.0,195.206.191.255,8192,17/02/98,
195.206.192.0,195.206.223.255,8192,09/05/97,
195.216.0.0,195.216.31.255,8192,09/05/96,
195.217.0.0,195.217.127.255,32768,07/10/97,
195.217.128.0,195.217.255.255,32768,25/05/00,
195.218.32.0,195.218.63.255,8192,29/07/97,
195.224.0.0,195.224.63.255,16384,02/09/96,
195.224.64.0,195.224.127.255,16384,18/09/96,
195.224.128.0,195.224.255.255,32768,18/09/96,
195.226.32.0,195.226.63.255,8192,30/07/97,
195.226.128.0,195.226.159.255,8192,30/12/96,
195.232.0.0,195.232.127.255,32768,10/05/96,
195.246.128.0,195.246.159.255,8192,06/01/97,
195.248.96.0,195.248.127.255,8192,06/08/97,
212.1.128.0,212.1.159.255,8192,14/05/98,
212.2.0.0,212.2.31.255,8192,25/02/98,
212.3.224.0,212.3.255.255,8192,12/10/99,
212.9.96.0,212.9.127.255,8192,03/09/99,
212.9.192.0,212.9.223.255,8192,25/08/98,
212.11.64.0,212.11.95.255,8192,22/04/09,
212.13.192.0,212.13.223.255,8192,26/08/98,
212.15.64.0,212.15.95.255,8192,14/07/98,
212.18.224.0,212.18.239.255,4096,05/10/99,
212.19.64.0,212.19.95.255,8192,16/07/98,
212.20.224.0,212.20.255.255,8192,24/09/99,
212.21.32.0,212.21.63.255,8192,18/04/08,
212.21.96.0,212.21.127.255,8192,07/09/99,
212.22.0.0,212.22.31.255,8192,03/03/98,
212.22.96.0,212.22.127.255,8192,20/08/99,
212.23.0.0,212.23.31.255,8192,23/03/98,
212.23.32.0,212.23.63.255,8192,04/03/99,
212.24.64.0,212.24.95.255,8192,08/06/98,
212.25.224.0,212.25.255.255,8192,20/10/99,
212.28.0.0,212.28.31.255,8192,20/02/98,
212.30.0.0,212.30.31.255,8192,04/03/98,
212.31.128.0,212.31.159.255,8192,27/05/98,
212.32.0.0,212.32.127.255,32768,03/02/98,
212.35.96.0,212.35.127.255,8192,09/09/99,
212.35.224.0,212.35.255.255,8192,22/10/99,
212.36.32.0,212.36.63.255,8192,23/02/99,
212.36.96.0,212.36.127.255,8192,18/08/99,
212.36.128.0,212.36.191.255,16384,22/04/98,
212.38.64.0,212.38.95.255,8192,23/06/98,
212.38.160.0,212.38.191.255,8192,31/03/99,
212.39.160.0,212.39.191.255,8192,15/04/99,
212.39.224.0,212.39.255.255,8192,22/10/99,
212.41.160.0,212.41.191.255,8192,22/05/02,
212.42.0.0,212.42.31.255,8192,07/03/98,
212.42.160.0,212.42.191.255,8192,31/03/99,
212.43.160.0,212.43.191.255,8192,15/04/99,
212.44.0.0,212.44.63.255,16384,23/02/98,
212.46.128.0,212.46.159.255,8192,12/05/98,
212.47.64.0,212.47.95.255,8192,29/07/98,
212.48.64.0,212.48.95.255,8192,27/08/12,
212.49.192.0,212.49.223.255,8192,16/09/98,
212.49.224.0,212.49.255.255,8192,21/04/99,
212.50.160.0,212.50.191.255,8192,06/04/99,
212.53.64.0,212.53.95.255,8192,30/07/98,
212.54.128.0,212.54.159.255,8192,18/10/10,
212.54.160.0,212.54.191.255,8192,06/04/99,
212.56.32.0,212.56.63.255,8192,17/02/99,
212.56.64.0,212.56.127.255,16384,08/06/98,
212.57.224.0,212.57.255.255,8192,27/10/99,
212.58.32.0,212.58.63.255,8192,01/03/99,
212.58.128.0,212.58.159.255,8192,13/05/98,
212.58.224.0,212.58.255.255,8192,08/10/99,
212.59.64.0,212.59.95.255,8192,04/08/98,
212.62.0.0,212.62.31.255,8192,11/03/93,
212.64.128.0,212.64.159.255,8192,09/04/10,
212.67.96.0,212.67.127.255,8192,17/11/99,
212.67.192.0,212.67.223.255,8192,12/05/99,
212.69.32.0,212.69.63.255,8192,15/06/99,
212.69.192.0,212.69.223.255,8192,12/05/99,
212.69.224.0,212.69.255.255,8192,31/05/00,
212.70.64.0,212.70.95.255,8192,18/01/99,
212.72.32.0,212.72.63.255,8192,31/05/99,
212.73.192.0,212.73.223.255,8192,12/05/99,
212.73.224.0,212.73.255.255,8192,06/07/00,
212.74.0.0,212.74.31.255,8192,14/10/98,
212.74.32.0,212.74.63.255,8192,14/05/08,
212.74.64.0,212.74.95.255,8192,18/01/99,
212.74.96.0,212.74.127.255,8192,09/11/99,
212.78.64.0,212.78.95.255,8192,18/01/99,
212.78.160.0,212.78.191.255,8192,15/07/99,
212.81.64.0,212.81.127.255,16384,02/02/99,
212.82.0.0,212.82.31.255,8192,15/10/98,
212.82.64.0,212.82.95.255,8192,19/01/99,
212.82.96.0,212.82.127.255,8192,16/01/08,
212.84.64.0,212.84.95.255,8192,04/09/08,
212.84.96.0,212.84.127.255,8192,03/11/99,
212.84.160.0,212.84.191.255,8192,12/07/99,
212.85.0.0,212.85.31.255,8192,02/11/98,
212.85.224.0,212.85.255.255,8192,19/05/00,
212.87.64.0,212.87.95.255,8192,03/02/99,
212.88.32.0,212.88.63.255,8192,01/06/99,
212.89.64.0,212.89.95.255,8192,04/02/99,
212.93.64.0,212.93.95.255,8192,15/02/99,
212.95.224.0,212.95.255.255,8192,05/06/00,
212.97.64.0,212.97.95.255,8192,05/02/99,
212.100.96.0,212.100.127.255,8192,05/11/99,
212.100.224.0,212.100.255.255,8192,24/05/00,
212.102.96.0,212.102.127.255,8192,15/11/99,
212.102.192.0,212.102.223.255,8192,07/05/99,
212.103.224.0,212.103.255.255,8192,05/06/00,
212.104.128.0,212.104.159.255,8192,29/12/98,
212.105.160.0,212.105.191.255,8192,26/05/10,
212.106.96.0,212.106.127.255,8192,16/11/99,
212.108.64.0,212.108.79.255,4096,15/01/99,
212.110.160.0,212.110.191.255,8192,08/10/08,
212.111.48.0,212.111.63.255,4096,30/06/99,
212.111.128.0,212.111.159.255,8192,22/12/98,
212.111.160.0,212.111.191.255,8192,09/06/99,
212.113.0.0,212.113.31.255,8192,12/11/98,
212.113.128.0,212.113.159.255,8192,02/07/08,
212.113.192.0,212.113.223.255,8192,25/05/99,
212.115.128.0,212.115.191.255,16384,23/12/98,
212.118.224.0,212.118.255.255,8192,30/05/00,
212.119.0.0,212.119.31.255,8192,13/11/98,
212.121.0.0,212.121.31.255,8192,13/11/98,
212.121.32.0,212.121.63.255,8192,05/07/99,
212.121.128.0,212.121.159.255,8192,28/12/98,
212.121.192.0,212.121.223.255,8192,06/12/07,
212.123.192.0,212.123.255.255,16384,03/10/00,
212.124.192.0,212.124.223.255,8192,25/05/04,
212.125.64.0,212.125.95.255,8192,15/02/99,
212.126.128.0,212.126.159.255,8192,09/12/98,
212.127.0.0,212.127.31.255,8192,22/09/98,
212.132.0.0,212.132.255.255,65536,19/11/98,
212.133.0.0,212.133.127.255,32768,23/03/99,
212.134.0.0,212.134.255.255,65536,27/01/99,
212.135.0.0,212.135.255.255,65536,10/04/00,
212.139.0.0,212.139.255.255,65536,26/03/99,
212.140.0.0,212.140.255.255,65536,24/11/98,
212.148.0.0,212.148.255.255,65536,26/11/98,
212.158.192.0,212.158.223.255,8192,12/09/02,
212.158.224.0,212.158.255.255,8192,01/10/03,
212.159.0.0,212.159.127.255,32768,12/04/99,
212.159.128.0,212.159.191.255,16384,15/07/99,
212.161.0.0,212.161.127.255,32768,23/04/99,
212.162.0.0,212.162.63.255,16384,18/02/99,
212.162.192.0,212.162.255.255,16384,03/08/00,
212.165.128.0,212.165.255.255,32768,06/08/02,
212.169.0.0,212.169.63.255,16384,12/05/99,
212.173.0.0,212.173.255.255,65536,12/05/99,
212.183.128.0,212.183.159.255,8192,17/08/99,
212.187.128.0,212.187.255.255,32768,20/08/99,
212.188.128.0,212.188.191.255,16384,30/08/99,
212.188.192.0,212.188.255.255,16384,27/07/00,
212.196.0.0,212.196.255.255,65536,04/03/98,
212.207.0.0,212.207.255.255,65536,17/07/98,
212.211.0.0,212.211.127.255,32768,21/07/98,
212.212.0.0,212.212.127.255,32768,09/03/98,
212.212.128.0,212.212.255.255,32768,21/09/98,
212.219.0.0,212.219.255.255,65536,06/08/98,
212.222.0.0,212.222.127.255,32768,14/04/98,
212.222.128.0,212.222.255.255,32768,17/12/99,
212.225.0.0,212.225.31.255,8192,24/08/98,
212.225.32.0,212.225.63.255,8192,07/04/99,
212.225.64.0,212.225.127.255,16384,07/04/99,
212.228.0.0,212.228.255.255,65536,12/03/98,
212.229.0.0,212.229.255.255,65536,04/11/98,
212.240.0.0,212.240.255.255,65536,20/02/98,
212.241.128.0,212.241.255.255,32768,10/11/00,
212.248.128.0,212.248.255.255,32768,04/12/00,
212.250.0.0,212.250.255.255,65536,11/05/98,
213.1.0.0,213.1.255.255,65536,11/11/99,
213.2.0.0,213.2.255.255,65536,15/09/99,
213.18.0.0,213.18.255.255,65536,16/09/99,
213.19.128.0,213.19.255.255,32768,21/03/01,
213.35.0.0,213.35.127.255,32768,13/01/00,
213.39.0.0,213.39.63.255,16384,01/03/00,
213.39.64.0,213.39.95.255,8192,01/03/00,
213.39.96.0,213.39.111.255,4096,01/03/00,
213.39.112.0,213.39.127.255,4096,01/03/00,
213.40.0.0,213.40.255.255,65536,16/07/99,
213.41.0.0,213.41.127.255,32768,29/11/99,
213.48.0.0,213.48.255.255,65536,19/07/99,
213.52.144.0,213.52.159.255,4096,10/10/00,
213.52.160.0,213.52.191.255,8192,10/10/00,
213.52.192.0,213.52.255.255,16384,10/10/00,
213.72.0.0,213.72.255.255,65536,16/03/00,
213.78.0.0,213.78.255.255,65536,30/03/00,
213.81.0.0,213.81.127.255,32768,01/05/00,
213.83.64.0,213.83.127.255,16384,24/02/03,
213.86.0.0,213.86.255.255,65536,02/06/00,
213.104.0.0,213.107.255.255,262144,10/03/00,
213.120.0.0,213.123.255.255,262144,30/03/00,
213.128.224.0,213.128.255.255,8192,03/07/02,
213.129.64.0,213.129.95.255,8192,20/03/00,
213.130.32.0,213.130.63.255,8192,11/10/00,
213.130.128.0,213.130.159.255,8192,27/01/00,
213.131.96.0,213.131.127.255,8192,21/05/02,
213.131.160.0,213.131.191.255,8192,26/02/01,
213.133.64.0,213.133.95.255,8192,24/03/00,
213.133.128.0,213.133.159.255,8192,12/03/08,
213.137.0.0,213.137.31.255,8192,24/12/99,
213.138.96.0,213.138.127.255,8192,07/03/11,
213.143.0.0,213.143.31.255,8192,17/01/00,
213.143.128.0,213.143.159.255,8192,21/02/00,
213.146.128.0,213.146.159.255,8192,28/01/00,
213.146.160.0,213.146.191.255,8192,27/03/01,
213.147.224.0,213.147.255.255,8192,20/01/03,
213.148.32.0,213.148.63.255,8192,10/11/00,
213.152.32.0,213.152.63.255,8192,18/12/01,
213.152.224.0,213.152.255.255,8192,10/01/03,
213.160.96.0,213.160.127.255,8192,10/10/02,
213.161.64.0,213.161.95.255,8192,21/03/00,
213.162.96.0,213.162.127.255,8192,15/10/02,
213.163.192.0,213.163.223.255,8192,10/05/00,
213.165.0.0,213.165.31.255,8192,28/12/99,
213.165.128.0,213.165.159.255,8192,10/02/00,
213.165.224.0,213.165.255.255,8192,10/02/03,
213.166.0.0,213.166.31.255,8192,20/12/99,
213.166.64.0,213.166.95.255,8192,16/03/00,
213.167.64.0,213.167.95.255,8192,06/04/00,
213.170.0.0,213.170.31.255,8192,16/12/99,
213.170.128.0,213.170.159.255,8192,16/02/00,
213.171.192.0,213.171.223.255,8192,10/05/00,
213.174.192.0,213.174.223.255,8192,27/04/00,
213.175.128.0,213.175.159.255,8192,25/05/09,
213.175.192.0,213.175.223.255,8192,12/08/08,
213.175.224.0,213.175.255.255,8192,18/02/03,
213.177.32.0,213.177.63.255,8192,12/01/01,
213.177.224.0,213.177.255.255,8192,24/02/03,
213.178.128.0,213.178.159.255,8192,28/01/00,
213.185.96.0,213.185.127.255,8192,29/11/02,
213.185.192.0,213.185.223.255,8192,06/05/00,
213.187.32.0,213.187.63.255,8192,05/02/01,
213.190.160.0,213.190.191.255,8192,31/03/05,
213.199.32.0,213.199.63.255,8192,27/03/03,
213.199.128.0,213.199.191.255,16384,11/09/00,
213.205.128.0,213.205.191.255,16384,03/07/00,
213.205.192.0,213.205.255.255,16384,07/11/02,
213.206.0.0,213.206.31.255,8192,04/11/99,
213.206.128.0,213.206.159.255,8192,19/05/00,
213.208.64.0,213.208.127.255,16384,21/12/00,
213.208.192.0,213.208.255.255,16384,12/11/02,
213.210.0.0,213.210.31.255,8192,20/09/99,
213.210.32.0,213.210.63.255,8192,29/01/01,
213.212.64.0,213.212.127.255,16384,21/12/00,
213.216.128.0,213.216.191.255,16384,05/04/00,
213.218.192.0,213.218.207.255,4096,13/01/03,
213.218.208.0,213.218.223.255,4096,13/01/03,
213.218.224.0,213.218.255.255,8192,13/01/03,
213.219.0.0,213.219.31.255,8192,09/02/00,
213.219.48.0,213.219.63.255,4096,09/02/00,
213.221.160.0,213.221.191.255,8192,04/10/00,
213.225.128.0,213.225.159.255,8192,24/05/00,
213.228.192.0,213.228.255.255,16384,05/05/03,
213.229.64.0,213.229.127.255,16384,29/06/09,
213.230.192.0,213.230.255.255,16384,12/05/03,
213.232.64.0,213.232.127.255,16384,15/02/01,
213.234.32.0,213.234.63.255,8192,05/12/01,
213.235.0.0,213.235.63.255,16384,08/02/00,
213.237.192.0,213.237.255.255,16384,18/03/03,
213.242.64.0,213.242.127.255,16384,10/04/01,
213.244.128.0,213.244.191.255,16384,14/04/00,
213.246.64.0,213.246.127.255,16384,27/03/07,
213.246.128.0,213.246.191.255,16384,18/05/00,
213.248.192.0,213.248.255.255,16384,14/05/03,
213.249.96.0,213.249.127.255,8192,19/10/00,
213.249.128.0,213.249.191.255,16384,16/06/00,
213.249.192.0,213.249.255.255,16384,14/02/03,
213.251.0.0,213.251.63.255,16384,15/02/00,
213.253.0.0,213.253.63.255,16384,11/01/00,
213.253.128.0,213.253.191.255,16384,10/07/00,
213.254.160.0,213.254.191.255,8192,17/10/00,
213.255.192.0,213.255.255.255,16384,24/03/03,
217.8.0.0,217.8.15.255,4096,01/08/00,
217.8.16.0,217.8.31.255,4096,02/01/01,
217.8.240.0,217.8.255.255,4096,21/10/02,
217.9.192.0,217.9.207.255,4096,14/01/09,
217.10.128.0,217.10.143.255,4096,14/08/00,
217.10.144.0,217.10.159.255,4096,30/09/02,
217.10.160.0,217.10.175.255,4096,16/08/00,
217.10.176.0,217.10.191.255,4096,13/02/01,
217.10.224.0,217.10.239.255,4096,18/08/00,
217.12.0.0,217.12.15.255,4096,07/08/00,
217.12.144.0,217.12.159.255,4096,26/11/02,
217.13.128.0,217.13.143.255,4096,30/08/00,
217.13.144.0,217.13.159.255,4096,26/09/02,
217.14.128.0,217.14.143.255,4096,01/09/00,
217.14.176.0,217.14.191.255,4096,13/12/02,
217.15.64.0,217.15.79.255,4096,06/09/00,
217.15.112.0,217.15.127.255,4096,19/12/02,
217.16.48.0,217.16.63.255,4096,22/11/02,
217.16.208.0,217.16.223.255,4096,02/12/02,
217.18.16.0,217.18.31.255,4096,07/01/03,
217.18.80.0,217.18.95.255,4096,16/05/03,
217.19.128.0,217.19.143.255,4096,21/09/00,
217.19.240.0,217.19.255.255,4096,31/01/03,
217.20.16.0,217.20.31.255,4096,24/01/03,
217.20.32.0,217.20.47.255,4096,22/09/00,
217.20.240.0,217.20.255.255,4096,03/02/03,
217.21.64.0,217.21.79.255,4096,26/09/00,
217.21.80.0,217.21.95.255,4096,18/12/00,
217.22.0.0,217.22.15.255,4096,26/11/04,
217.22.80.0,217.22.95.255,4096,14/02/03,
217.22.144.0,217.22.159.255,4096,20/02/02,
217.23.160.0,217.23.175.255,4096,06/10/00,
217.23.224.0,217.23.239.255,4096,09/10/00,
217.25.0.0,217.25.15.255,4096,13/10/00,
217.27.16.0,217.27.31.255,4096,01/05/03,
217.27.240.0,217.27.255.255,4096,05/05/03,
217.28.0.0,217.28.15.255,4096,16/01/08,
217.28.16.0,217.28.31.255,4096,10/03/05,
217.28.128.0,217.28.143.255,4096,18/10/00,
217.29.192.0,217.29.207.255,4096,23/10/00,
217.30.112.0,217.30.127.255,4096,03/06/03,
217.31.0.0,217.31.15.255,4096,26/10/00,
217.31.128.0,217.31.143.255,4096,27/10/00,
217.31.144.0,217.31.159.255,4096,13/12/02,
217.32.0.0,217.47.255.255,1048576,20/09/00,
217.64.112.0,217.64.127.255,4096,11/06/03,
217.64.224.0,217.64.239.255,4096,31/10/00,
217.65.144.0,217.65.159.255,4096,23/06/03,
217.65.160.0,217.65.175.255,4096,11/09/02,
217.67.48.0,217.67.63.255,4096,01/07/03,
217.68.16.0,217.68.31.255,4096,03/07/03,
217.68.64.0,217.68.79.255,4096,13/11/00,
217.68.128.0,217.68.143.255,4096,14/11/00,
217.68.240.0,217.68.255.255,4096,16/07/03,
217.69.32.0,217.69.47.255,4096,16/11/00,
217.72.112.0,217.72.127.255,4096,30/09/09,
217.72.160.0,217.72.175.255,4096,01/12/00,
217.72.176.0,217.72.191.255,4096,15/05/02,
217.72.240.0,217.72.255.255,4096,26/08/03,
217.73.64.0,217.73.79.255,4096,13/12/00,
217.74.224.0,217.74.239.255,4096,28/09/04,
217.75.160.0,217.75.175.255,4096,28/12/00,
217.77.0.0,217.77.15.255,4096,30/11/00,
217.77.176.0,217.77.191.255,4096,30/05/03,
217.78.80.0,217.78.95.255,4096,21/10/03,
217.78.144.0,217.78.159.255,4096,28/10/03,
217.79.96.0,217.79.111.255,4096,02/01/01,
217.79.112.0,217.79.127.255,4096,08/08/02,
217.79.160.0,217.79.175.255,4096,05/01/01,
217.112.32.0,217.112.47.255,4096,22/01/04,
217.112.80.0,217.112.95.255,4096,09/10/03,
217.113.160.0,217.113.175.255,4096,22/09/08,
217.114.48.0,217.114.63.255,4096,01/12/03,
217.118.112.0,217.118.127.255,4096,11/02/04,
217.118.128.0,217.118.143.255,4096,13/02/01,
217.134.0.0,217.135.255.255,131072,25/01/01,
217.137.0.0,217.137.255.255,65536,30/01/01,
217.138.0.0,217.138.255.255,65536,31/01/01,
217.140.96.0,217.140.111.255,4096,26/11/04,
217.144.80.0,217.144.95.255,4096,08/03/04,
217.144.144.0,217.144.159.255,4096,31/03/04,
217.145.64.0,217.145.79.255,4096,22/02/01,
217.145.112.0,217.145.127.255,4096,06/04/04,
217.145.128.0,217.145.143.255,4096,23/03/09,
217.146.48.0,217.146.63.255,4096,24/02/09,
217.146.80.0,217.146.95.255,4096,21/04/04,
217.146.96.0,217.146.111.255,4096,27/02/01,
217.146.112.0,217.146.127.255,4096,12/05/03,
217.146.176.0,217.146.191.255,4096,23/04/04,
217.147.80.0,217.147.95.255,4096,03/05/04,
217.147.176.0,217.147.191.255,4096,06/05/04,
217.147.240.0,217.147.255.255,4096,24/05/04,
217.148.32.0,217.148.47.255,4096,06/03/01,
217.149.96.0,217.149.111.255,4096,12/03/01,
217.150.96.0,217.150.111.255,4096,13/02/01,
217.150.112.0,217.150.127.255,4096,28/02/03,
217.151.32.0,217.151.47.255,4096,16/03/01,
217.151.96.0,217.151.111.255,4096,16/03/01,
217.154.0.0,217.154.255.255,65536,19/02/01,
217.155.0.0,217.155.255.255,65536,03/07/02,
217.156.128.0,217.156.255.255,32768,12/04/01,
217.158.0.0,217.158.255.255,65536,28/02/01,
217.163.0.0,217.163.255.255,65536,04/04/01,
217.168.16.0,217.168.31.255,4096,17/10/03,
217.168.144.0,217.168.159.255,4096,19/07/04,
217.169.0.0,217.169.15.255,4096,22/03/01,
217.169.16.0,217.169.31.255,4096,16/10/01,
217.169.32.0,217.169.47.255,4096,23/03/01,
217.169.48.0,217.169.63.255,4096,20/12/02,
217.169.160.0,217.169.175.255,4096,26/03/01,
217.171.96.0,217.171.111.255,4096,02/04/01,
217.171.128.0,217.171.143.255,4096,02/04/01,
217.172.128.0,217.172.143.255,4096,27/05/09,
217.173.48.0,217.173.63.255,4096,12/03/04,
217.174.240.0,217.174.255.255,4096,02/09/04,
217.175.64.0,217.175.79.255,4096,30/09/08,
217.176.0.0,217.183.255.255,524288,02/03/01,
217.194.128.0,217.194.143.255,4096,19/04/01,
217.194.144.0,217.194.159.255,4096,22/11/02,
217.194.208.0,217.194.223.255,4096,17/09/04,
217.196.0.0,217.196.15.255,4096,25/04/01,
217.196.224.0,217.196.239.255,4096,02/05/01,
217.196.240.0,217.196.255.255,4096,11/09/03,
217.198.32.0,217.198.47.255,4096,03/05/01,
217.198.48.0,217.198.63.255,4096,05/11/04,
217.198.96.0,217.198.111.255,4096,23/12/09,
217.199.160.0,217.199.175.255,4096,08/05/01,
217.199.176.0,217.199.191.255,4096,14/06/02,
217.204.0.0,217.207.255.255,262144,30/03/01,

